{"type":"FeatureCollection","features":[{"type":"Feature","geometry":{"type":"Polygon","coordinates":[[[-89.12857,33.19773],[-89.21342,33.19754],[-89.21392,33.1094],[-89.31785,33.10887],[-89.31916,32.93165],[-89.01772,32.93133],[-89.01769,32.92639],[-88.96531,32.92657],[-88.96522,32.91911],[-88.93051,32.91924],[-88.93055,32.92668],[-88.81278,32.92597],[-88.81305,33.28642],[-89.10889,33.28594],[-89.1089,33.19806],[-89.12857,33.19773]]]},"properties":{"GEOID":"28159","BASENAME":"Winston","NAME":"Winston County","INTPTLAT":"+33.0787236","INTPTLON":"-089.0373913"}},{"type":"Feature","geometry":{"type":"Polygon","coordinates":[[[-90.51847,32.92294],[-90.44989,32.92329],[-90.44932,33.00901],[-90.36404,33.00987],[-90.37308,33.01327],[-90.38229,33.02204],[-90.3795,33.03872],[-90.38379,33.04756],[-90.39053,33.05009],[-90.41544,33.04898],[-90.42829,33.05734],[-90.43195,33.09592],[-90.42224,33.09904],[-90.42875,33.10903],[-90.42553,33.11482],[-90.42058,33.11626],[-90.4143,33.10145],[-90.40401,33.10547],[-90.39714,33.10474],[-90.38589,33.08807],[-90.37207,33.08436],[-90.36605,33.08755],[-90.36462,33.09359],[-90.3829,33.10749],[-90.38629,33.11281],[-90.38351,33.12098],[-90.37539,33.12581],[-90.36773,33.12465],[-90.36617,33.10366],[-90.35928,33.09408],[-90.35524,33.09383],[-90.34682,33.10162],[-90.35537,33.11269],[-90.35359,33.12285],[-90.34473,33.13374],[-90.33057,33.13535],[-90.33153,33.30146],[-90.33625,33.30793],[-90.34379,33.30906],[-90.34632,33.30392],[-90.35699,33.29708],[-90.36224,33.28652],[-90.35995,33.28058],[-90.36401,33.27571],[-90.36799,33.28105],[-90.37666,33.28137],[-90.36703,33.2614],[-90.37535,33.24677],[-90.36841,33.24612],[-90.37007,33.24079],[-90.36599,33.24008],[-90.37294,33.23838],[-90.37408,33.24281],[-90.38443,33.24507],[-90.41011,33.24525],[-90.41324,33.23532],[-90.4538,33.2673],[-90.45323,33.32948],[-90.55555,33.32918],[-90.55521,33.27053],[-90.7142,33.27047],[-90.72146,33.26515],[-90.72771,33.26751],[-90.73205,33.26342],[-90.72907,33.25268],[-90.73231,33.22966],[-90.72228,33.22898],[-90.71357,33.21843],[-90.68833,33.20849],[-90.679,33.19971],[-90.6804,33.19336],[-90.68674,33.1877],[-90.68375,33.17396],[-90.68969,33.15812],[-90.68814,33.14847],[-90.6985,33.13803],[-90.70059,33.12415],[-90.69774,33.12127],[-90.68949,33.12351],[-90.68823,33.11586],[-90.67955,33.11459],[-90.67892,33.10381],[-90.6841,33.09745],[-90.6957,33.10032],[-90.70192,33.09614],[-90.65805,33.09651],[-90.65663,32.92251],[-90.51847,32.92294]]]},"properties":{"GEOID":"28053","BASENAME":"Humphreys","NAME":"Humphreys County","INTPTLAT":"+33.1309962","INTPTLON":"-090.5234209"}},{"type":"Feature","geometry":{"type":"Polygon","coordinates":[[[-88.70735,31.43413],[-88.44944,31.43584],[-88.47323,31.89386],[-88.62239,31.85719],[-88.71457,31.843],[-88.76341,31.83593],[-88.94335,31.82456],[-88.94347,31.43346],[-88.70735,31.43413]]]},"properties":{"GEOID":"28153","BASENAME":"Wayne","NAME":"Wayne County","INTPTLAT":"+31.6425030","INTPTLON":"-088.6782140"}},{"type":"Feature","geometry":{"type":"Polygon","coordinates":[[[-89.29918,34.82066],[-89.29923,34.84441],[-89.3527,34.84443],[-89.35268,34.99386],[-89.72432,34.99479],[-89.72239,34.6855],[-89.66916,34.68579],[-89.66845,34.55437],[-89.47664,34.55417],[-89.47666,34.54899],[-89.46795,34.54616],[-89.45612,34.53272],[-89.44243,34.53103],[-89.4402,34.52345],[-89.43404,34.51992],[-89.42446,34.51913],[-89.41488,34.52219],[-89.41235,34.52606],[-89.40752,34.52226],[-89.40242,34.52825],[-89.40147,34.52561],[-89.38903,34.52424],[-89.38653,34.51907],[-89.38161,34.52071],[-89.37923,34.51688],[-89.37581,34.52058],[-89.37366,34.51816],[-89.36404,34.51929],[-89.36585,34.5263],[-89.36211,34.52234],[-89.35307,34.52724],[-89.35401,34.52269],[-89.34989,34.52179],[-89.3451,34.52599],[-89.34321,34.52115],[-89.34234,34.52465],[-89.33512,34.52235],[-89.33128,34.52723],[-89.3305,34.52292],[-89.32565,34.52595],[-89.32656,34.52323],[-89.31957,34.52026],[-89.31465,34.5242],[-89.31366,34.51792],[-89.31087,34.52006],[-89.3104,34.51754],[-89.30243,34.51815],[-89.3005,34.5135],[-89.2976,34.51932],[-89.29521,34.51474],[-89.2918,34.51717],[-89.2888,34.50621],[-89.28253,34.50898],[-89.27459,34.50531],[-89.27398,34.5081],[-89.26236,34.50417],[-89.26322,34.50073],[-89.25827,34.50064],[-89.25814,34.49688],[-89.25141,34.49628],[-89.24935,34.49976],[-89.24667,34.49738],[-89.24962,34.49586],[-89.24613,34.49563],[-89.24564,34.58323],[-89.29833,34.58293],[-89.29918,34.82066]]]},"properties":{"GEOID":"28093","BASENAME":"Marshall","NAME":"Marshall County","INTPTLAT":"+34.7661897","INTPTLON":"-089.5042310"}},{"type":"Feature","geometry":{"type":"Polygon","coordinates":[[[-89.39898,31.34654],[-89.45107,31.34638],[-89.45162,31.43403],[-89.65421,31.4338],[-89.65404,31.0025],[-89.55185,31.00192],[-89.55203,31.01596],[-89.50134,31.01603],[-89.5014,31.00146],[-89.47594,31.00136],[-89.47602,30.9829],[-89.42534,30.98245],[-89.42481,31.01011],[-89.34895,31.01037],[-89.34786,31.3467],[-89.39898,31.34654]]]},"properties":{"GEOID":"28073","BASENAME":"Lamar","NAME":"Lamar County","INTPTLAT":"+31.1975865","INTPTLON":"-089.5063691"}},{"type":"Feature","geometry":{"type":"Polygon","coordinates":[[[-89.51013,34.12681],[-89.50714,33.72182],[-89.19192,33.72216],[-89.19004,33.81171],[-89.13788,33.81214],[-89.13916,34.07412],[-89.24444,34.07394],[-89.24549,34.16119],[-89.50975,34.16208],[-89.51013,34.12681]]]},"properties":{"GEOID":"28013","BASENAME":"Calhoun","NAME":"Calhoun County","INTPTLAT":"+33.9366339","INTPTLON":"-089.3371142"}},{"type":"Feature","geometry":{"type":"Polygon","coordinates":[[[-88.75332,30.99746],[-88.42543,30.99832],[-88.44944,31.43584],[-88.84171,31.4337],[-88.84093,30.99841],[-88.75332,30.99746]]]},"properties":{"GEOID":"28041","BASENAME":"Greene","NAME":"Greene County","INTPTLAT":"+31.2128455","INTPTLON":"-088.6348108"}},{"type":"Feature","geometry":{"type":"Polygon","coordinates":[[[-89.72434,33.67694],[-89.50687,33.67761],[-89.50735,33.86747],[-89.76905,33.86733],[-89.7693,33.89714],[-89.9261,33.89796],[-89.92629,33.82385],[-89.97827,33.82396],[-89.97837,33.80972],[-90.13649,33.80932],[-90.13701,33.67694],[-89.72434,33.67694]]]},"properties":{"GEOID":"28043","BASENAME":"Grenada","NAME":"Grenada County","INTPTLAT":"+33.7700310","INTPTLON":"-089.8027405"}},{"type":"Feature","geometry":{"type":"Polygon","coordinates":[[[-89.30679,30.23965],[-89.30685,30.3384],[-89.31115,30.3464],[-89.32615,30.3545],[-89.34085,30.35799],[-89.34145,30.64772],[-89.54423,30.64837],[-89.54451,30.51686],[-89.59587,30.51707],[-89.59573,30.50249],[-89.64707,30.50274],[-89.64696,30.45889],[-89.69059,30.45773],[-89.68992,30.45309],[-89.68634,30.45475],[-89.6834,30.45154],[-89.68504,30.43945],[-89.68398,30.43394],[-89.68031,30.43337],[-89.68104,30.42339],[-89.6775,30.41813],[-89.67999,30.41165],[-89.68446,30.41229],[-89.68384,30.40582],[-89.67915,30.40236],[-89.67006,30.3822],[-89.66018,30.37342],[-89.66261,30.37144],[-89.6588,30.36958],[-89.66113,30.36422],[-89.65725,30.35663],[-89.65152,30.35613],[-89.6413,30.34615],[-89.63693,30.34762],[-89.62959,30.33896],[-89.6327,30.32796],[-89.62881,30.32642],[-89.6296,30.32156],[-89.63396,30.3213],[-89.62619,30.31429],[-89.64034,30.30678],[-89.64043,30.2955],[-89.64751,30.29053],[-89.6385,30.28812],[-89.63129,30.27977],[-89.63232,30.2686],[-89.62531,30.26353],[-89.63105,30.2618],[-89.63161,30.25701],[-89.61404,30.24477],[-89.61574,30.22337],[-89.59657,30.21197],[-89.58569,30.19224],[-89.5752,30.18222],[-89.56611,30.18122],[-89.55463,30.18591],[-89.54484,30.1943],[-89.53484,30.19538],[-89.52794,30.18877],[-89.51477,30.16176],[-89.49497,30.16075],[-89.45395,30.16623],[-89.41671,30.17764],[-89.30613,30.17794],[-89.30679,30.23965]]]},"properties":{"GEOID":"28045","BASENAME":"Hancock","NAME":"Hancock County","INTPTLAT":"+30.3916415","INTPTLON":"-089.4827905"}},{"type":"Feature","geometry":{"type":"Polygon","coordinates":[[[-91.41463,30.99901],[-91.06022,30.99893],[-91.05943,31.28186],[-91.07995,31.28883],[-91.07956,31.29618],[-91.08453,31.30066],[-91.08308,31.30821],[-91.08726,31.31167],[-91.08765,31.31731],[-91.1027,31.32715],[-91.1115,31.31995],[-91.11969,31.32105],[-91.12096,31.32623],[-91.13486,31.33143],[-91.13816,31.33766],[-91.14367,31.33939],[-91.14078,31.34197],[-91.14727,31.3437],[-91.14518,31.34753],[-91.15187,31.3454],[-91.15248,31.34863],[-91.15456,31.34306],[-91.16268,31.35074],[-91.17223,31.34569],[-91.17876,31.35109],[-91.18563,31.34805],[-91.18964,31.3569],[-91.19955,31.35321],[-91.20877,31.35481],[-91.21306,31.3571],[-91.2104,31.36292],[-91.21926,31.36816],[-91.21794,31.3724],[-91.2241,31.36996],[-91.23113,31.37317],[-91.23791,31.37073],[-91.23943,31.36672],[-91.24534,31.36766],[-91.25105,31.36341],[-91.2548,31.36553],[-91.25745,31.3601],[-91.26437,31.36248],[-91.26101,31.36514],[-91.26247,31.36934],[-91.27533,31.36984],[-91.27453,31.36549],[-91.28488,31.3567],[-91.2992,31.35988],[-91.29879,31.36477],[-91.30023,31.36047],[-91.30795,31.35953],[-91.31005,31.35392],[-91.31429,31.35723],[-91.32071,31.35218],[-91.3238,31.35467],[-91.32366,31.35229],[-91.33085,31.35178],[-91.3432,31.33942],[-91.34595,31.33907],[-91.34424,31.34176],[-91.35085,31.33751],[-91.34992,31.34014],[-91.35374,31.33981],[-91.35534,31.34359],[-91.35314,31.34511],[-91.35607,31.3458],[-91.36153,31.3408],[-91.36479,31.34196],[-91.36569,31.33587],[-91.38426,31.33542],[-91.38422,31.33124],[-91.38884,31.33051],[-91.38804,31.32658],[-91.39206,31.32482],[-91.39357,31.33134],[-91.39867,31.32461],[-91.41264,31.32421],[-91.42401,31.31504],[-91.43428,31.31418],[-91.44332,31.31933],[-91.46844,31.31957],[-91.47106,31.28561],[-91.47533,31.286],[-91.4802,31.28159],[-91.49611,31.28313],[-91.49727,31.27574],[-91.48944,31.26552],[-91.48297,31.26531],[-91.47717,31.25962],[-91.48043,31.25111],[-91.47757,31.24541],[-91.48107,31.24384],[-91.47878,31.23907],[-91.48316,31.23779],[-91.4834,31.23341],[-91.48864,31.23423],[-91.48836,31.2263],[-91.50677,31.22627],[-91.51481,31.21747],[-91.52966,31.21454],[-91.5318,31.23239],[-91.54729,31.23925],[-91.56054,31.2356],[-91.57567,31.22447],[-91.58695,31.20468],[-91.58372,31.19864],[-91.58945,31.19114],[-91.5915,31.17312],[-91.59973,31.15959],[-91.62422,31.13373],[-91.6283,31.12461],[-91.62574,31.11666],[-91.61321,31.10352],[-91.56415,31.06683],[-91.55991,31.05412],[-91.56123,31.04622],[-91.56937,31.03233],[-91.58209,31.02172],[-91.63694,30.99942],[-91.41463,30.99901]]]},"properties":{"GEOID":"28157","BASENAME":"Wilkinson","NAME":"Wilkinson County","INTPTLAT":"+31.1610908","INTPTLON":"-091.3246169"}},{"type":"Feature","geometry":{"type":"Polygon","coordinates":[[[-89.31839,32.73075],[-89.31916,32.93165],[-89.73015,32.92992],[-89.73015,32.57725],[-89.31759,32.57646],[-89.31839,32.73075]]]},"properties":{"GEOID":"28079","BASENAME":"Leake","NAME":"Leake County","INTPTLAT":"+32.7606302","INTPTLON":"-089.5222495"}},{"type":"Feature","geometry":{"type":"Polygon","coordinates":[[[-88.93159,33.75641],[-88.9316,33.75431],[-89.03478,33.75416],[-89.03602,33.63357],[-89.01854,33.63537],[-89.01861,33.56211],[-88.73257,33.56544],[-88.72781,33.56408],[-88.73023,33.56228],[-88.72464,33.56376],[-88.71011,33.55902],[-88.69473,33.56516],[-88.67153,33.56513],[-88.67155,33.50663],[-88.60658,33.50701],[-88.60697,33.50926],[-88.60093,33.5079],[-88.58046,33.51735],[-88.58208,33.51977],[-88.57851,33.52204],[-88.57169,33.51901],[-88.57173,33.52387],[-88.56511,33.52375],[-88.56558,33.52646],[-88.55381,33.52179],[-88.55109,33.52822],[-88.54369,33.52689],[-88.5418,33.53409],[-88.53035,33.53815],[-88.52712,33.54182],[-88.52734,33.54861],[-88.52372,33.55085],[-88.51745,33.54763],[-88.51659,33.54347],[-88.50741,33.54383],[-88.50468,33.53654],[-88.49682,33.53447],[-88.49329,33.52848],[-88.48679,33.52904],[-88.4803,33.52274],[-88.47204,33.52556],[-88.49203,33.54242],[-88.49758,33.56352],[-88.49613,33.56621],[-88.49133,33.56299],[-88.48624,33.56654],[-88.49481,33.58037],[-88.48872,33.58233],[-88.47523,33.59767],[-88.4752,33.60348],[-88.49304,33.61472],[-88.50617,33.61434],[-88.50628,33.61917],[-88.49913,33.6267],[-88.50166,33.63525],[-88.49859,33.64196],[-88.51146,33.64376],[-88.51422,33.64851],[-88.51308,33.66087],[-88.50216,33.66593],[-88.49972,33.67519],[-88.49248,33.67154],[-88.49201,33.67781],[-88.49661,33.68029],[-88.71963,33.68025],[-88.71998,33.81133],[-88.93118,33.81237],[-88.93159,33.75641]]]},"properties":{"GEOID":"28025","BASENAME":"Clay","NAME":"Clay County","INTPTLAT":"+33.6596700","INTPTLON":"-088.7824680"}},{"type":"Feature","geometry":{"type":"Polygon","coordinates":[[[-90.983,31.34867],[-90.6333,31.34931],[-90.63323,31.61141],[-91.15386,31.61007],[-91.15815,31.3467],[-91.15456,31.34306],[-91.15248,31.34863],[-91.15187,31.3454],[-91.14518,31.34753],[-91.14727,31.3437],[-91.14098,31.34305],[-91.14367,31.33939],[-91.13816,31.33766],[-91.13486,31.33143],[-91.12913,31.33132],[-91.12706,31.32694],[-91.11967,31.32495],[-91.11969,31.32105],[-91.11295,31.31985],[-91.1027,31.32715],[-91.0954,31.32097],[-91.0866,31.32667],[-91.07958,31.32505],[-91.06925,31.32832],[-91.06574,31.3389],[-91.05541,31.33031],[-91.04834,31.33111],[-91.04536,31.33537],[-91.02834,31.33568],[-91.01801,31.3475],[-91.00763,31.3467],[-91.002,31.33704],[-90.98836,31.33636],[-90.98694,31.34503],[-90.983,31.34867]]]},"properties":{"GEOID":"28037","BASENAME":"Franklin","NAME":"Franklin County","INTPTLAT":"+31.4777726","INTPTLON":"-090.8954573"}},{"type":"Feature","geometry":{"type":"Polygon","coordinates":[[[-89.87038,33.00404],[-89.86775,33.0108],[-89.85842,33.01458],[-89.85672,33.02124],[-89.83634,33.04001],[-89.84006,33.04593],[-89.83754,33.05285],[-89.84006,33.05155],[-89.83884,33.05587],[-89.84151,33.05843],[-89.8227,33.06602],[-89.8213,33.0756],[-89.82546,33.07519],[-89.82371,33.08025],[-89.82868,33.08209],[-89.82456,33.08576],[-89.82736,33.08816],[-89.82364,33.09138],[-89.82435,33.09514],[-89.81887,33.0995],[-89.82299,33.10053],[-89.82565,33.10801],[-89.82103,33.11427],[-89.81616,33.11225],[-89.81194,33.11566],[-89.81217,33.11282],[-89.80604,33.11291],[-89.8084,33.11681],[-89.80496,33.1164],[-89.79585,33.12466],[-89.79499,33.13475],[-89.79935,33.13608],[-89.79142,33.14038],[-89.79481,33.14056],[-89.79213,33.14498],[-89.79442,33.14541],[-89.79577,33.15676],[-89.78356,33.16211],[-89.77411,33.17626],[-89.77891,33.18153],[-89.77481,33.18462],[-89.77873,33.19149],[-89.76988,33.19665],[-89.761,33.19809],[-89.75828,33.19513],[-89.75036,33.20559],[-89.7524,33.20714],[-89.74944,33.21448],[-90.32151,33.37512],[-90.32256,33.36794],[-90.31806,33.36303],[-90.29766,33.36227],[-90.28858,33.35772],[-90.27963,33.33951],[-90.29189,33.32371],[-90.28689,33.31232],[-90.29495,33.31488],[-90.30483,33.30957],[-90.30348,33.31637],[-90.31044,33.3204],[-90.3177,33.31735],[-90.31502,33.31023],[-90.32635,33.31186],[-90.33159,33.30282],[-90.33057,33.13535],[-90.34473,33.13374],[-90.35359,33.12285],[-90.35537,33.11269],[-90.34682,33.10162],[-90.35524,33.09383],[-90.35928,33.09408],[-90.36617,33.10366],[-90.36773,33.12465],[-90.37539,33.12581],[-90.38351,33.12098],[-90.38629,33.11281],[-90.3829,33.10749],[-90.36462,33.09359],[-90.36605,33.08755],[-90.37296,33.08407],[-90.38771,33.0896],[-90.39714,33.10474],[-90.40401,33.10547],[-90.4143,33.10145],[-90.41873,33.11514],[-90.42553,33.11482],[-90.42867,33.10745],[-90.42188,33.09971],[-90.43195,33.09592],[-90.42978,33.06099],[-90.42704,33.05592],[-90.41544,33.04898],[-90.39053,33.05009],[-90.38379,33.04756],[-90.3795,33.03872],[-90.38288,33.02336],[-90.37081,33.01219],[-90.35386,33.01207],[-90.34956,33.02055],[-90.34315,33.02184],[-90.33704,33.01409],[-90.33834,33.01013],[-89.96603,32.87957],[-89.95824,32.89157],[-89.95176,32.88981],[-89.94089,32.89331],[-89.94192,32.89557],[-89.93822,32.89732],[-89.93397,32.89605],[-89.93787,32.90442],[-89.91784,32.91156],[-89.92001,32.91304],[-89.91513,32.91642],[-89.91821,32.9202],[-89.91799,32.92306],[-89.91459,32.92265],[-89.91591,32.92525],[-89.90644,32.92573],[-89.89606,32.93282],[-89.89907,32.94384],[-89.89269,32.94628],[-89.89585,32.94866],[-89.88822,32.95897],[-89.89323,32.96076],[-89.89421,32.96483],[-89.88288,32.97485],[-89.88827,32.98059],[-89.88465,32.98274],[-89.88673,32.9844],[-89.88393,32.98895],[-89.87771,32.99299],[-89.88155,32.99911],[-89.87038,33.00404]]]},"properties":{"GEOID":"28051","BASENAME":"Holmes","NAME":"Holmes County","INTPTLAT":"+33.1259415","INTPTLON":"-090.0911968"}},{"type":"Feature","geometry":{"type":"Polygon","coordinates":[[[-88.90028,33.28636],[-88.67055,33.28686],[-88.67153,33.56513],[-88.69473,33.56516],[-88.71011,33.55902],[-88.72464,33.56376],[-88.73023,33.56228],[-88.72781,33.56408],[-88.73257,33.56544],[-89.08826,33.56204],[-89.08826,33.286],[-88.90028,33.28636]]]},"properties":{"GEOID":"28105","BASENAME":"Oktibbeha","NAME":"Oktibbeha County","INTPTLAT":"+33.4223538","INTPTLON":"-088.8761594"}},{"type":"Feature","geometry":{"type":"Polygon","coordinates":[[[-90.70679,32.87859],[-90.65663,32.92251],[-90.65805,33.09651],[-90.86287,33.09511],[-90.86267,33.09752],[-90.91446,33.09742],[-90.91404,32.9442],[-90.9174,32.94385],[-90.91976,32.93785],[-90.92482,32.91151],[-90.93136,32.90446],[-90.94016,32.88584],[-90.93595,32.87727],[-90.94197,32.86972],[-90.93988,32.86255],[-90.95011,32.85373],[-90.95692,32.85245],[-90.95857,32.84839],[-90.95483,32.84555],[-90.96375,32.83813],[-90.96486,32.6628],[-90.72316,32.66213],[-90.71213,32.67838],[-90.71221,32.68744],[-90.70442,32.69078],[-90.6956,32.68512],[-90.69488,32.67109],[-90.69082,32.66615],[-90.67862,32.6642],[-90.66768,32.67098],[-90.66375,32.68601],[-90.67139,32.69646],[-90.68868,32.70537],[-90.71773,32.709],[-90.73387,32.7187],[-90.74263,32.72923],[-90.73523,32.7438],[-90.73667,32.75425],[-90.73438,32.75718],[-90.72958,32.75722],[-90.71763,32.74799],[-90.70942,32.74743],[-90.69951,32.75013],[-90.6905,32.75756],[-90.68976,32.76588],[-90.69679,32.77304],[-90.70767,32.77778],[-90.71584,32.79341],[-90.71099,32.80552],[-90.69441,32.81535],[-90.70866,32.81797],[-90.71713,32.81435],[-90.7268,32.81961],[-90.73296,32.80998],[-90.73939,32.80895],[-90.74862,32.81822],[-90.75964,32.81401],[-90.75975,32.83576],[-90.70679,32.87859]]]},"properties":{"GEOID":"28125","BASENAME":"Sharkey","NAME":"Sharkey County","INTPTLAT":"+32.8923946","INTPTLON":"-090.8276129"}},{"type":"Feature","geometry":{"type":"Polygon","coordinates":[[[-90.0421,33.81008],[-89.97837,33.80972],[-89.97827,33.82396],[-89.92629,33.82385],[-89.9255,34.14055],[-89.93175,34.14431],[-89.93149,34.1643],[-89.96615,34.16436],[-89.95858,34.15955],[-90.13546,34.16007],[-90.1357,34.0729],[-90.45098,34.07293],[-90.45164,33.81139],[-90.18258,33.80932],[-90.1795,33.80478],[-90.18175,33.79942],[-90.17144,33.78967],[-90.17473,33.77841],[-90.18189,33.7688],[-90.1941,33.76238],[-90.22714,33.75923],[-90.2356,33.76592],[-90.23908,33.76121],[-90.25147,33.76289],[-90.29641,33.75057],[-90.30593,33.74219],[-90.31386,33.72575],[-90.31163,33.71582],[-90.30004,33.69805],[-90.28194,33.69406],[-90.26842,33.69755],[-90.25624,33.71441],[-90.25168,33.73169],[-90.24094,33.73721],[-90.23107,33.73376],[-90.22044,33.72212],[-90.13679,33.72165],[-90.13649,33.80932],[-90.0421,33.81008]]]},"properties":{"GEOID":"28135","BASENAME":"Tallahatchie","NAME":"Tallahatchie County","INTPTLAT":"+33.9545292","INTPTLON":"-090.1722434"}},{"type":"Feature","geometry":{"type":"Polygon","coordinates":[[[-89.91564,34.55369],[-89.66845,34.55437],[-89.66916,34.68579],[-89.72239,34.6855],[-89.72344,34.77231],[-89.9122,34.77251],[-89.91624,34.76707],[-89.91283,34.76528],[-89.91605,34.76391],[-89.91541,34.75821],[-89.9192,34.76004],[-89.92508,34.75158],[-89.9301,34.75171],[-89.93482,34.74622],[-89.93951,34.74753],[-89.94632,34.7441],[-89.94768,34.73902],[-89.9517,34.74076],[-89.95548,34.7379],[-89.95412,34.72692],[-89.96406,34.72373],[-89.96853,34.72593],[-89.98098,34.72413],[-89.98158,34.72641],[-89.98434,34.72314],[-89.98234,34.72063],[-89.9855,34.7214],[-89.98613,34.71892],[-89.99003,34.72111],[-89.99489,34.71666],[-89.99536,34.71956],[-89.99789,34.71741],[-90.00026,34.72023],[-90.00038,34.71601],[-90.02379,34.71327],[-90.02375,34.71023],[-90.03005,34.70795],[-90.03366,34.71056],[-90.03826,34.70926],[-90.03733,34.71299],[-90.04242,34.71434],[-90.04766,34.7115],[-90.04773,34.71526],[-90.04966,34.71229],[-90.05267,34.71453],[-90.05401,34.71223],[-90.05288,34.71537],[-90.05981,34.72058],[-90.05802,34.72268],[-90.06062,34.72398],[-90.05705,34.72436],[-90.0609,34.7256],[-90.06019,34.72807],[-90.07043,34.72631],[-90.06912,34.72374],[-90.07366,34.72097],[-90.07396,34.72499],[-90.0811,34.72689],[-90.08298,34.72971],[-90.08088,34.73145],[-90.08978,34.73559],[-90.09399,34.73137],[-90.10092,34.73093],[-90.1052,34.73537],[-90.10655,34.733],[-90.10625,34.73667],[-90.1104,34.73792],[-90.10706,34.74144],[-90.11396,34.74529],[-90.1169,34.75378],[-90.12064,34.75232],[-90.12112,34.75634],[-90.12547,34.75869],[-90.12657,34.75652],[-90.12938,34.76086],[-90.13512,34.75883],[-90.13969,34.76226],[-90.14325,34.75623],[-90.15417,34.75928],[-90.15319,34.75675],[-90.1577,34.75469],[-90.16085,34.7602],[-90.16986,34.75551],[-90.17095,34.75916],[-90.17144,34.75475],[-90.17519,34.75299],[-90.17343,34.75028],[-90.17618,34.74745],[-90.17253,34.74753],[-90.17448,34.74354],[-90.17727,34.74549],[-90.18607,34.73668],[-90.18869,34.73864],[-90.18382,34.73351],[-90.19006,34.73068],[-90.18819,34.72857],[-90.19283,34.72869],[-90.19246,34.72489],[-90.19541,34.72748],[-90.19845,34.72555],[-90.19575,34.72083],[-90.2002,34.72442],[-90.20164,34.72013],[-90.20638,34.72478],[-90.21329,34.72264],[-90.22913,34.7054],[-90.22507,34.70244],[-90.23136,34.70213],[-90.23111,34.69813],[-90.22021,34.68936],[-90.2258,34.67482],[-90.21843,34.66447],[-90.22536,34.66189],[-90.21533,34.66048],[-90.21456,34.65775],[-90.21746,34.65547],[-90.21643,34.64672],[-90.22392,34.64219],[-90.23079,34.63008],[-90.23992,34.62637],[-90.23843,34.62058],[-90.24116,34.61513],[-90.2364,34.60844],[-90.24428,34.60091],[-90.24137,34.59909],[-90.23629,34.60502],[-90.23406,34.59973],[-90.23991,34.5932],[-90.23425,34.59513],[-90.23174,34.58821],[-90.22149,34.58246],[-90.22057,34.57927],[-90.22443,34.57638],[-90.21115,34.57322],[-90.21084,34.56354],[-90.21666,34.56306],[-90.21829,34.55949],[-90.20418,34.55922],[-90.20489,34.55444],[-89.91564,34.55369]]]},"properties":{"GEOID":"28137","BASENAME":"Tate","NAME":"Tate County","INTPTLAT":"+34.6494476","INTPTLON":"-089.9432089"}},{"type":"Feature","geometry":{"type":"Polygon","coordinates":[[[-90.45232,33.7449],[-90.4538,33.2673],[-90.41324,33.23532],[-90.41011,33.24525],[-90.38443,33.24507],[-90.37408,33.24281],[-90.37383,33.23846],[-90.36711,33.23926],[-90.37007,33.24079],[-90.36841,33.24612],[-90.37535,33.24677],[-90.367,33.26086],[-90.37666,33.28137],[-90.36799,33.28105],[-90.36316,33.2764],[-90.35748,33.29651],[-90.34297,33.30942],[-90.33112,33.30287],[-90.32635,33.31186],[-90.31502,33.31023],[-90.3177,33.31735],[-90.31044,33.3204],[-90.30348,33.31637],[-90.30483,33.30957],[-90.29495,33.31488],[-90.28954,33.31171],[-90.28628,33.31312],[-90.29199,33.32267],[-90.28029,33.33699],[-90.28331,33.35028],[-90.29503,33.36178],[-90.31806,33.36303],[-90.32256,33.36794],[-90.32151,33.37512],[-90.17461,33.33338],[-90.17476,33.417],[-90.13782,33.41646],[-90.13761,33.45911],[-90.1014,33.45894],[-90.10199,33.60379],[-90.13025,33.60387],[-90.12468,33.60775],[-90.11693,33.60411],[-90.11532,33.60982],[-90.10793,33.60631],[-90.10457,33.6174],[-90.10913,33.63146],[-90.10176,33.6511],[-90.10821,33.65497],[-90.10301,33.66118],[-90.11779,33.66187],[-90.12196,33.66681],[-90.12018,33.66965],[-90.12445,33.67251],[-90.12199,33.67351],[-90.12833,33.67422],[-90.12538,33.67541],[-90.12777,33.67696],[-90.13701,33.67694],[-90.13679,33.72165],[-90.22044,33.72212],[-90.23107,33.73376],[-90.24222,33.73699],[-90.25168,33.73169],[-90.25593,33.71519],[-90.26341,33.70154],[-90.2805,33.69407],[-90.30004,33.69805],[-90.31163,33.71582],[-90.31385,33.72371],[-90.31204,33.73151],[-90.30557,33.74267],[-90.2958,33.75083],[-90.25147,33.76289],[-90.23908,33.76121],[-90.2356,33.76592],[-90.22714,33.75923],[-90.2042,33.75945],[-90.1856,33.76551],[-90.17649,33.77548],[-90.17122,33.78731],[-90.18175,33.79942],[-90.1795,33.80478],[-90.18258,33.80932],[-90.45164,33.81139],[-90.45232,33.7449]]]},"properties":{"GEOID":"28083","BASENAME":"Leflore","NAME":"Leflore County","INTPTLAT":"+33.5497896","INTPTLON":"-090.2949343"}},{"type":"Feature","geometry":{"type":"Polygon","coordinates":[[[-88.68388,34.08921],[-88.54335,34.08904],[-88.54474,34.33752],[-88.54218,34.33801],[-88.54175,34.50919],[-88.73647,34.50891],[-88.73667,34.49466],[-88.78944,34.49493],[-88.78977,34.39369],[-88.82513,34.39389],[-88.82452,34.07495],[-88.71896,34.07452],[-88.71876,34.08936],[-88.68388,34.08921]]]},"properties":{"GEOID":"28081","BASENAME":"Lee","NAME":"Lee County","INTPTLAT":"+34.2926892","INTPTLON":"-088.6821227"}},{"type":"Feature","geometry":{"type":"Polygon","coordinates":[[[-89.97535,31.5928],[-89.97605,31.52248],[-89.9591,31.52242],[-89.95894,31.39049],[-89.82333,31.39002],[-89.82424,31.43409],[-89.58682,31.43369],[-89.58692,31.51344],[-89.5908,31.51672],[-89.59617,31.51291],[-89.59633,31.52523],[-89.60259,31.53165],[-89.59933,31.53465],[-89.60289,31.53884],[-89.61441,31.54059],[-89.62052,31.55023],[-89.63695,31.5589],[-89.673,31.56468],[-89.68752,31.57542],[-89.69891,31.57718],[-89.70659,31.58482],[-89.7163,31.58826],[-89.73511,31.61034],[-89.75561,31.60975],[-89.7551,31.77465],[-89.97459,31.76166],[-89.97535,31.5928]]]},"properties":{"GEOID":"28065","BASENAME":"Jefferson Davis","NAME":"Jefferson Davis County","INTPTLAT":"+31.5648075","INTPTLON":"-089.8270863"}},{"type":"Feature","geometry":{"type":"Polygon","coordinates":[[[-89.10298,32.57676],[-88.91452,32.57696],[-88.91441,32.9266],[-88.93055,32.92668],[-88.93051,32.91924],[-88.96522,32.91911],[-88.96531,32.92657],[-89.01769,32.92639],[-89.01772,32.93133],[-89.31916,32.93165],[-89.31759,32.57646],[-89.10298,32.57676]]]},"properties":{"GEOID":"28099","BASENAME":"Neshoba","NAME":"Neshoba County","INTPTLAT":"+32.7525180","INTPTLON":"-089.1192743"}},{"type":"Feature","geometry":{"type":"Polygon","coordinates":[[[-89.50744,33.97311],[-89.50944,34.19096],[-89.72105,34.19254],[-89.72143,34.16351],[-89.93149,34.1643],[-89.93175,34.14431],[-89.9255,34.14055],[-89.9261,33.89796],[-89.7693,33.89714],[-89.76905,33.86733],[-89.50735,33.86747],[-89.50744,33.97311]]]},"properties":{"GEOID":"28161","BASENAME":"Yalobusha","NAME":"Yalobusha County","INTPTLAT":"+34.0306661","INTPTLON":"-089.7038072"}},{"type":"Feature","geometry":{"type":"Polygon","coordinates":[[[-90.66139,32.04846],[-90.23033,32.04973],[-90.23225,32.05478],[-90.22985,32.05812],[-90.23617,32.06569],[-90.23467,32.06899],[-90.22908,32.0683],[-90.22671,32.08004],[-90.2358,32.09019],[-90.22684,32.09428],[-90.24593,32.09254],[-90.24743,32.09988],[-90.24243,32.1003],[-90.2416,32.09693],[-90.23669,32.10021],[-90.24651,32.1036],[-90.25133,32.11274],[-90.2429,32.11376],[-90.24834,32.11831],[-90.241,32.12171],[-90.24752,32.13523],[-90.24304,32.15043],[-90.25002,32.14868],[-90.2548,32.15119],[-90.24171,32.15538],[-90.24538,32.1714],[-90.24348,32.17667],[-90.23631,32.17804],[-90.23341,32.1732],[-90.22632,32.17891],[-90.21264,32.17997],[-90.20474,32.1915],[-90.20262,32.18644],[-90.19782,32.18792],[-90.19589,32.18507],[-90.19664,32.19562],[-90.19332,32.19881],[-90.18833,32.19459],[-90.18169,32.2016],[-90.19054,32.20361],[-90.18832,32.20754],[-90.19094,32.21022],[-90.18545,32.21862],[-90.19086,32.22282],[-90.1907,32.22701],[-90.19642,32.2253],[-90.20902,32.2358],[-90.20439,32.23465],[-90.20405,32.24058],[-90.19929,32.24095],[-90.19959,32.24415],[-90.20529,32.24595],[-90.20529,32.25195],[-90.19398,32.26208],[-90.18369,32.26225],[-90.18361,32.26551],[-90.1875,32.26635],[-90.18674,32.27285],[-90.17929,32.27664],[-90.17772,32.29031],[-90.17173,32.28995],[-90.17403,32.28688],[-90.17159,32.2839],[-90.17035,32.28761],[-90.16564,32.28392],[-90.15688,32.28795],[-90.15887,32.293],[-90.15139,32.29105],[-90.15603,32.30179],[-90.15909,32.30095],[-90.16268,32.30624],[-90.15059,32.31173],[-90.15418,32.31404],[-90.15219,32.32374],[-90.14583,32.3254],[-90.14227,32.32114],[-90.1397,32.32212],[-90.13808,32.32615],[-90.11877,32.33957],[-90.11608,32.34608],[-90.11008,32.34444],[-90.11313,32.35431],[-90.11138,32.35864],[-90.11399,32.36054],[-90.10688,32.36137],[-90.10947,32.35482],[-90.10618,32.35554],[-90.10288,32.36294],[-90.1053,32.36601],[-90.09978,32.36679],[-90.10325,32.37129],[-90.1018,32.37568],[-90.09728,32.37415],[-90.10068,32.38234],[-90.09569,32.38174],[-90.09518,32.38914],[-90.08738,32.38472],[-90.08038,32.39174],[-90.08148,32.39534],[-90.07609,32.39384],[-90.08048,32.38954],[-90.07365,32.38872],[-90.06789,32.39184],[-90.06568,32.39484],[-90.06881,32.39841],[-90.0657,32.39953],[-90.24376,32.4001],[-90.24364,32.48753],[-90.44978,32.48798],[-90.45004,32.57378],[-90.45498,32.56605],[-90.45115,32.56371],[-90.45396,32.55833],[-90.46252,32.55904],[-90.46514,32.54766],[-90.47103,32.54888],[-90.47149,32.54331],[-90.48477,32.54256],[-90.4924,32.53386],[-90.4918,32.53085],[-90.49872,32.5274],[-90.49813,32.52415],[-90.51032,32.52239],[-90.5145,32.52549],[-90.52354,32.51933],[-90.51971,32.51728],[-90.52568,32.51572],[-90.5207,32.5099],[-90.52222,32.50311],[-90.53023,32.51091],[-90.53646,32.50715],[-90.5404,32.50916],[-90.54225,32.50537],[-90.54692,32.51051],[-90.56561,32.50294],[-90.56554,32.50596],[-90.57117,32.50625],[-90.57036,32.49942],[-90.5787,32.50367],[-90.58205,32.49424],[-90.58908,32.49532],[-90.59036,32.48927],[-90.58727,32.48687],[-90.60407,32.4813],[-90.59971,32.47041],[-90.60165,32.45866],[-90.59779,32.45725],[-90.59783,32.45028],[-90.58584,32.44484],[-90.59942,32.43631],[-90.59999,32.42463],[-90.60627,32.4158],[-90.61317,32.41341],[-90.61576,32.39769],[-90.62137,32.39493],[-90.61774,32.39301],[-90.6258,32.38816],[-90.62227,32.38406],[-90.62736,32.37797],[-90.63598,32.37514],[-90.62798,32.33948],[-90.68106,32.35274],[-90.68904,32.35145],[-90.69222,32.3543],[-90.69608,32.34836],[-90.70474,32.34731],[-90.70742,32.339],[-90.70329,32.33487],[-90.69918,32.33777],[-90.69932,32.33106],[-90.70535,32.32473],[-90.70331,32.31629],[-90.70684,32.31894],[-90.70777,32.31674],[-90.70417,32.31087],[-90.69912,32.31183],[-90.70046,32.30808],[-90.69592,32.30543],[-90.69853,32.30213],[-90.69573,32.29799],[-90.70289,32.2945],[-90.70276,32.29097],[-90.70671,32.29233],[-90.70046,32.28722],[-90.70684,32.28648],[-90.70691,32.2829],[-90.71461,32.27597],[-90.71952,32.27727],[-90.71702,32.2709],[-90.7207,32.26873],[-90.71351,32.26681],[-90.71337,32.2639],[-90.72828,32.25945],[-90.72194,32.25634],[-90.71889,32.25819],[-90.71988,32.25302],[-90.71578,32.25616],[-90.71348,32.25287],[-90.71649,32.24749],[-90.7269,32.24154],[-90.7255,32.23006],[-90.72862,32.22512],[-90.7183,32.04835],[-90.66139,32.04846]]]},"properties":{"GEOID":"28049","BASENAME":"Hinds","NAME":"Hinds County","INTPTLAT":"+32.2677884","INTPTLON":"-090.4660161"}},{"type":"Feature","geometry":{"type":"Polygon","coordinates":[[[-89.07474,34.07435],[-88.82452,34.07495],[-88.82497,34.36476],[-88.92855,34.365],[-88.9289,34.37936],[-89.24634,34.37934],[-89.24444,34.07394],[-89.07474,34.07435]]]},"properties":{"GEOID":"28115","BASENAME":"Pontotoc","NAME":"Pontotoc County","INTPTLAT":"+34.2270808","INTPTLON":"-089.0372387"}},{"type":"Feature","geometry":{"type":"Polygon","coordinates":[[[-90.91446,33.09742],[-90.86267,33.09752],[-90.86287,33.09511],[-90.70184,33.09629],[-90.6957,33.10032],[-90.6841,33.09745],[-90.67892,33.10381],[-90.67955,33.11459],[-90.68823,33.11586],[-90.68949,33.12351],[-90.69774,33.12127],[-90.70059,33.12415],[-90.6985,33.13803],[-90.68814,33.14847],[-90.68969,33.15812],[-90.68375,33.17396],[-90.68674,33.1877],[-90.67985,33.1943],[-90.6796,33.20094],[-90.68833,33.20849],[-90.71175,33.21721],[-90.72228,33.22898],[-90.73231,33.22966],[-90.72907,33.25268],[-90.73205,33.26342],[-90.72771,33.26751],[-90.72146,33.26515],[-90.71628,33.27003],[-90.76377,33.27036],[-90.76448,33.44569],[-90.76046,33.44575],[-90.76108,33.52921],[-91.21884,33.52938],[-91.18542,33.50753],[-91.18252,33.49953],[-91.19625,33.48751],[-91.20748,33.46951],[-91.23169,33.45686],[-91.23544,33.43916],[-91.20647,33.43392],[-91.17717,33.44394],[-91.16947,33.45294],[-91.17724,33.48592],[-91.16892,33.49821],[-91.15112,33.49291],[-91.13088,33.48055],[-91.12191,33.46891],[-91.11712,33.45534],[-91.11895,33.44621],[-91.13406,33.42895],[-91.15394,33.42542],[-91.1753,33.41713],[-91.18541,33.41942],[-91.20359,33.41588],[-91.20837,33.40945],[-91.20868,33.40272],[-91.18974,33.38894],[-91.16912,33.3802],[-91.15075,33.37871],[-91.12215,33.38799],[-91.10548,33.40056],[-91.09656,33.4122],[-91.09503,33.42377],[-91.09745,33.43395],[-91.0885,33.44999],[-91.07933,33.45506],[-91.07024,33.45581],[-91.05811,33.44691],[-91.05814,33.42901],[-91.0647,33.41816],[-91.07871,33.40345],[-91.10317,33.38558],[-91.12076,33.36335],[-91.14222,33.34899],[-91.14138,33.29882],[-91.12551,33.28015],[-91.12806,33.26856],[-91.11766,33.26119],[-91.10579,33.24153],[-91.09852,33.23869],[-91.08559,33.27503],[-91.07804,33.28363],[-91.06648,33.28722],[-91.05518,33.28631],[-91.04754,33.28215],[-91.04386,33.27578],[-91.05051,33.25124],[-91.06563,33.23316],[-91.06948,33.23253],[-91.0708,33.2274],[-91.07842,33.22725],[-91.08259,33.22183],[-91.10026,33.21943],[-91.0804,33.18009],[-91.08104,33.15782],[-91.08602,33.13628],[-91.1027,33.13037],[-91.13394,33.12913],[-91.15047,33.13088],[-91.16311,33.14219],[-91.18322,33.1418],[-91.19239,33.13728],[-91.20181,33.12404],[-91.19992,33.10675],[-91.18162,33.09882],[-91.17292,33.08855],[-91.15022,33.08213],[-91.12503,33.06464],[-91.12079,33.0581],[-91.12775,33.03482],[-91.15939,33.02165],[-91.16615,33.01133],[-90.96543,33.01054],[-90.96542,33.00792],[-90.91434,33.0077],[-90.91446,33.09742]]]},"properties":{"GEOID":"28151","BASENAME":"Washington","NAME":"Washington County","INTPTLAT":"+33.2731740","INTPTLON":"-090.9444459"}},{"type":"Feature","geometry":{"type":"Polygon","coordinates":[[[-90.91422,32.9517],[-90.91434,33.0077],[-90.96542,33.00792],[-90.96543,33.01054],[-91.16615,33.01133],[-91.16897,32.99213],[-91.20184,32.96121],[-91.19834,32.95021],[-91.20744,32.94439],[-91.21403,32.93032],[-91.2116,32.91962],[-91.19679,32.90678],[-91.17023,32.89939],[-91.15169,32.90193],[-91.13705,32.91398],[-91.13162,32.92523],[-91.13786,32.95276],[-91.13072,32.96226],[-91.13858,32.97135],[-91.13552,32.97966],[-91.10658,32.98894],[-91.09693,32.98641],[-91.0868,32.97627],[-91.07912,32.95507],[-91.08262,32.94623],[-91.07055,32.93604],[-91.06397,32.92411],[-91.06445,32.90106],[-91.0706,32.88866],[-91.10563,32.8584],[-91.12789,32.85506],[-91.145,32.84287],[-91.16167,32.81247],[-91.1644,32.78582],[-91.15548,32.77991],[-91.1644,32.76349],[-91.1657,32.7534],[-91.15861,32.74345],[-91.12464,32.74316],[-91.09057,32.7361],[-91.06077,32.72749],[-91.05448,32.72226],[-91.05475,32.71923],[-91.06884,32.69892],[-91.11826,32.67408],[-91.13764,32.65062],[-91.14975,32.64404],[-91.15374,32.63523],[-91.15249,32.62032],[-91.14278,32.5989],[-91.12791,32.58649],[-91.11985,32.5848],[-91.11566,32.591],[-91.10724,32.59026],[-91.07951,32.60068],[-91.0498,32.60718],[-91.03718,32.63786],[-91.02577,32.64657],[-91.01429,32.64048],[-91.0035,32.62485],[-91.0046,32.60978],[-91.03099,32.58335],[-91.04355,32.57627],[-90.96404,32.57561],[-90.96338,32.41118],[-90.95321,32.44106],[-90.93983,32.45207],[-90.92648,32.45058],[-90.91769,32.44395],[-90.89475,32.4486],[-90.88147,32.44077],[-90.8751,32.44425],[-90.87087,32.45161],[-90.86136,32.44211],[-90.86057,32.57517],[-90.76808,32.57475],[-90.76278,32.57742],[-90.75365,32.57141],[-90.73952,32.57177],[-90.72985,32.56569],[-90.72558,32.57579],[-90.7317,32.58728],[-90.7232,32.59131],[-90.7164,32.61158],[-90.7207,32.62404],[-90.69874,32.62424],[-90.6914,32.63628],[-90.69475,32.64113],[-90.71654,32.64427],[-90.7246,32.65734],[-90.72316,32.66213],[-90.96486,32.6628],[-90.96375,32.83813],[-90.95483,32.84555],[-90.95857,32.84839],[-90.95692,32.85245],[-90.95011,32.85373],[-90.93988,32.86255],[-90.94197,32.86972],[-90.93595,32.87727],[-90.94032,32.88529],[-90.93136,32.90446],[-90.92482,32.91151],[-90.92544,32.91756],[-90.9174,32.94385],[-90.91404,32.9442],[-90.91422,32.9517]]]},"properties":{"GEOID":"28055","BASENAME":"Issaquena","NAME":"Issaquena County","INTPTLAT":"+32.7555393","INTPTLON":"-091.0035351"}},{"type":"Feature","geometry":{"type":"Polygon","coordinates":[[[-88.69092,31.84661],[-88.62239,31.85719],[-88.47323,31.89386],[-88.43138,32.22767],[-88.91385,32.22419],[-88.91046,31.82665],[-88.76341,31.83593],[-88.69092,31.84661]]]},"properties":{"GEOID":"28023","BASENAME":"Clarke","NAME":"Clarke County","INTPTLAT":"+32.0453738","INTPTLON":"-088.6879756"}},{"type":"Feature","geometry":{"type":"Polygon","coordinates":[[[-90.71641,31.9042],[-90.7144,31.97763],[-90.72862,32.22512],[-90.73147,32.22554],[-90.73418,32.21871],[-90.73947,32.21548],[-90.73194,32.21497],[-90.73731,32.21167],[-90.73849,32.20558],[-90.74101,32.20833],[-90.74239,32.20587],[-90.74576,32.20732],[-90.74702,32.20335],[-90.7501,32.20821],[-90.75435,32.2062],[-90.75074,32.1955],[-90.76324,32.19618],[-90.76413,32.19162],[-90.76766,32.19481],[-90.77663,32.18949],[-90.77685,32.19375],[-90.78669,32.18304],[-90.78644,32.17943],[-90.79038,32.17818],[-90.79005,32.17472],[-90.78538,32.17562],[-90.78554,32.17097],[-90.7807,32.17188],[-90.77629,32.1675],[-90.77563,32.16279],[-90.76945,32.16539],[-90.76679,32.16303],[-90.77065,32.15465],[-90.77425,32.15366],[-90.77554,32.15743],[-90.79287,32.15157],[-90.79193,32.1479],[-90.79678,32.14642],[-90.79225,32.14445],[-90.79829,32.14282],[-90.80002,32.14971],[-90.80332,32.15258],[-90.80923,32.15185],[-90.80671,32.15508],[-90.81124,32.15548],[-90.80964,32.14707],[-90.8149,32.14206],[-90.81397,32.13895],[-90.82069,32.1371],[-90.82965,32.14486],[-90.82975,32.15149],[-90.82611,32.15627],[-90.84458,32.15881],[-90.85131,32.15557],[-90.84399,32.15428],[-90.8444,32.1518],[-90.85072,32.15276],[-90.84929,32.14862],[-90.85829,32.14244],[-90.84379,32.13862],[-90.84583,32.12837],[-90.86258,32.12485],[-90.86237,32.12169],[-90.86954,32.11994],[-90.87535,32.12176],[-90.87171,32.12663],[-90.87546,32.12748],[-90.87711,32.11995],[-90.88234,32.12147],[-90.87732,32.11645],[-90.8798,32.11429],[-90.90774,32.13189],[-90.91272,32.11851],[-90.92173,32.11784],[-90.91761,32.10736],[-90.92269,32.10497],[-90.91692,32.10211],[-90.92543,32.10099],[-90.92382,32.09714],[-90.91386,32.09666],[-90.92073,32.08739],[-90.91245,32.0869],[-90.91795,32.08068],[-90.93404,32.08157],[-90.93838,32.08526],[-90.93864,32.08042],[-90.94403,32.07836],[-90.94392,32.08941],[-90.94915,32.086],[-90.95246,32.09016],[-90.95194,32.08118],[-90.95738,32.08426],[-90.95838,32.09069],[-90.96601,32.08791],[-90.9606,32.09461],[-90.9616,32.09898],[-90.95735,32.1016],[-90.96195,32.10544],[-90.96995,32.09472],[-90.9787,32.09886],[-90.99087,32.09705],[-91.03031,32.11435],[-91.03521,32.10045],[-91.08111,32.07835],[-91.08091,32.04786],[-91.10371,32.05025],[-91.13421,32.08005],[-91.14261,32.08175],[-91.15141,32.07865],[-91.16191,32.06615],[-91.16141,32.05995],[-91.15571,32.05206],[-91.14511,32.04655],[-91.09141,32.03605],[-91.08441,32.03146],[-91.07993,32.01832],[-91.07591,32.01683],[-91.0901,32.00016],[-91.10481,31.99006],[-91.16351,31.98276],[-91.17631,31.97426],[-91.18831,31.96096],[-91.19321,31.93566],[-91.18471,31.93506],[-91.18491,31.92376],[-91.18061,31.91795],[-91.19105,31.91404],[-91.19381,31.90956],[-91.20281,31.90796],[-91.2339,31.87761],[-91.24814,31.86985],[-91.01368,31.86185],[-90.842,31.8265],[-90.84233,31.82276],[-90.84574,31.8222],[-90.8404,31.8151],[-90.84332,31.81254],[-90.84033,31.8043],[-90.85061,31.79327],[-90.85266,31.78542],[-90.73628,31.78613],[-90.733,31.82998],[-90.71678,31.84458],[-90.71641,31.9042]]]},"properties":{"GEOID":"28021","BASENAME":"Claiborne","NAME":"Claiborne County","INTPTLAT":"+31.9728096","INTPTLON":"-090.9154239"}},{"type":"Feature","geometry":{"type":"Polygon","coordinates":[[[-89.01756,34.88275],[-89.01755,34.85872],[-89.03501,34.85876],[-89.03534,34.81526],[-89.08807,34.81531],[-89.08849,34.59825],[-88.71779,34.59647],[-88.71851,34.75678],[-88.75306,34.75696],[-88.75296,34.85877],[-88.82347,34.85863],[-88.82305,34.99522],[-89.01713,34.99497],[-89.01756,34.88275]]]},"properties":{"GEOID":"28139","BASENAME":"Tippah","NAME":"Tippah County","INTPTLAT":"+34.7636183","INTPTLON":"-088.9188185"}},{"type":"Feature","geometry":{"type":"Polygon","coordinates":[[[-90.84996,32.15674],[-90.84384,32.15904],[-90.82611,32.15627],[-90.82975,32.15149],[-90.82965,32.14486],[-90.81981,32.13707],[-90.81864,32.13972],[-90.81397,32.13895],[-90.8149,32.14206],[-90.80964,32.14707],[-90.81124,32.15548],[-90.80671,32.15508],[-90.80923,32.15185],[-90.80332,32.15258],[-90.80002,32.14971],[-90.79829,32.14282],[-90.79225,32.14445],[-90.79678,32.14642],[-90.79193,32.1479],[-90.79287,32.15157],[-90.77554,32.15743],[-90.77425,32.15366],[-90.76969,32.15532],[-90.76838,32.1647],[-90.77563,32.16279],[-90.7807,32.17188],[-90.78554,32.17097],[-90.78538,32.17562],[-90.79103,32.17687],[-90.77719,32.19359],[-90.77663,32.18949],[-90.76766,32.19481],[-90.76413,32.19162],[-90.76324,32.19618],[-90.75074,32.1955],[-90.75429,32.20186],[-90.75328,32.20746],[-90.74967,32.20797],[-90.74702,32.20335],[-90.74531,32.20759],[-90.73849,32.20558],[-90.73731,32.21167],[-90.73192,32.21445],[-90.73947,32.21548],[-90.72555,32.22987],[-90.7269,32.24154],[-90.71649,32.24749],[-90.71348,32.25287],[-90.71578,32.25616],[-90.71988,32.25302],[-90.71889,32.25819],[-90.72194,32.25634],[-90.72828,32.25945],[-90.71337,32.2639],[-90.71351,32.26681],[-90.7207,32.26873],[-90.71702,32.2709],[-90.71952,32.27727],[-90.71461,32.27597],[-90.70691,32.2829],[-90.70684,32.28648],[-90.70046,32.28722],[-90.70671,32.29233],[-90.70276,32.29097],[-90.70289,32.2945],[-90.69573,32.29799],[-90.69853,32.30213],[-90.69592,32.30543],[-90.70046,32.30808],[-90.69912,32.31183],[-90.70417,32.31087],[-90.70777,32.31674],[-90.70684,32.31894],[-90.70331,32.31629],[-90.70535,32.32473],[-90.69932,32.33106],[-90.69918,32.33777],[-90.70329,32.33487],[-90.70742,32.339],[-90.70517,32.34679],[-90.69608,32.34836],[-90.69222,32.3543],[-90.68904,32.35145],[-90.68106,32.35274],[-90.62798,32.33948],[-90.63598,32.37514],[-90.62736,32.37797],[-90.62271,32.38339],[-90.62593,32.38779],[-90.61774,32.39301],[-90.62137,32.39493],[-90.61576,32.39769],[-90.61317,32.41341],[-90.60627,32.4158],[-90.59999,32.42463],[-90.59991,32.43521],[-90.59565,32.44099],[-90.5917,32.4399],[-90.58576,32.4451],[-90.59783,32.45028],[-90.59779,32.45725],[-90.60165,32.45866],[-90.59971,32.47041],[-90.60407,32.4813],[-90.58727,32.48687],[-90.59036,32.48927],[-90.58908,32.49532],[-90.58205,32.49424],[-90.5787,32.50367],[-90.57036,32.49942],[-90.57121,32.50624],[-90.56554,32.50596],[-90.56561,32.50294],[-90.55382,32.50757],[-90.5539,32.53191],[-90.58792,32.53176],[-90.58802,32.54607],[-90.65459,32.54604],[-90.65553,32.58977],[-90.69025,32.58939],[-90.68995,32.61866],[-90.7201,32.61886],[-90.7164,32.61158],[-90.72273,32.59212],[-90.7317,32.58728],[-90.72558,32.57579],[-90.72985,32.56569],[-90.73952,32.57177],[-90.75365,32.57141],[-90.76278,32.57742],[-90.76808,32.57475],[-90.86057,32.57517],[-90.86136,32.44211],[-90.87087,32.45161],[-90.8751,32.44425],[-90.88147,32.44077],[-90.89475,32.4486],[-90.91769,32.44395],[-90.92648,32.45058],[-90.93983,32.45207],[-90.95321,32.44106],[-90.96338,32.41118],[-90.96404,32.57561],[-91.04355,32.57627],[-91.08041,32.55647],[-91.0754,32.54674],[-91.05771,32.53378],[-91.01348,32.51915],[-90.99487,32.50861],[-90.98767,32.49848],[-90.98758,32.49239],[-90.99916,32.48268],[-91.02411,32.48524],[-91.04421,32.49434],[-91.07484,32.53349],[-91.09374,32.54913],[-91.09788,32.54475],[-91.1013,32.5256],[-91.11671,32.50014],[-91.11601,32.48314],[-91.10881,32.47204],[-91.09351,32.45744],[-91.06781,32.44414],[-91.02961,32.43354],[-90.99386,32.45085],[-90.98001,32.44784],[-90.96959,32.43949],[-90.96574,32.42364],[-90.9685,32.41696],[-90.97534,32.41095],[-90.99408,32.40386],[-90.99469,32.39228],[-91.00471,32.36724],[-90.99757,32.35614],[-90.98667,32.35176],[-90.91236,32.33945],[-90.89718,32.35518],[-90.89071,32.37225],[-90.8786,32.37464],[-90.87564,32.37173],[-90.88572,32.35087],[-90.90072,32.33038],[-90.90285,32.31912],[-90.92223,32.29864],[-90.94978,32.28306],[-90.96415,32.29687],[-90.9746,32.29712],[-90.97947,32.2937],[-90.98408,32.27995],[-90.98299,32.27029],[-90.9694,32.25252],[-90.98029,32.2436],[-90.98338,32.21177],[-90.99494,32.19314],[-90.9997,32.1911],[-91.00321,32.19805],[-91.00291,32.22305],[-91.02154,32.23616],[-91.03901,32.24235],[-91.05031,32.23795],[-91.05311,32.22795],[-91.06141,32.21865],[-91.07111,32.22605],[-91.08371,32.22645],[-91.09211,32.22385],[-91.11301,32.20655],[-91.13359,32.21343],[-91.15803,32.20196],[-91.16488,32.19574],[-91.17458,32.15731],[-91.17273,32.14648],[-91.16545,32.13429],[-91.13331,32.12651],[-91.11099,32.12464],[-91.10118,32.13113],[-91.08163,32.13399],[-91.05355,32.12441],[-91.04851,32.15015],[-91.04971,32.15735],[-91.05891,32.17125],[-91.05831,32.18095],[-91.04181,32.17455],[-91.02501,32.16255],[-91.00291,32.16205],[-91.00721,32.13845],[-91.01761,32.12515],[-91.03081,32.12065],[-91.03021,32.11435],[-90.99087,32.09705],[-90.9787,32.09886],[-90.96995,32.09472],[-90.96122,32.10516],[-90.95735,32.1016],[-90.9616,32.09898],[-90.9606,32.09461],[-90.96631,32.08819],[-90.95838,32.09069],[-90.95738,32.08426],[-90.95194,32.08118],[-90.95246,32.09016],[-90.94915,32.086],[-90.94392,32.08941],[-90.94217,32.08697],[-90.94513,32.0794],[-90.94293,32.07834],[-90.9385,32.08063],[-90.93838,32.08526],[-90.93286,32.08137],[-90.91795,32.08068],[-90.9139,32.08378],[-90.91314,32.08744],[-90.92078,32.08696],[-90.91406,32.09715],[-90.92382,32.09714],[-90.92545,32.10085],[-90.91692,32.10211],[-90.92269,32.10497],[-90.91761,32.10736],[-90.92173,32.11784],[-90.91272,32.11851],[-90.90774,32.13189],[-90.8798,32.11429],[-90.87732,32.11645],[-90.88234,32.12147],[-90.87711,32.11995],[-90.87546,32.12748],[-90.87171,32.12663],[-90.87535,32.12176],[-90.86954,32.11994],[-90.86237,32.12169],[-90.86258,32.12485],[-90.84583,32.12837],[-90.84379,32.13862],[-90.85829,32.14244],[-90.84929,32.14862],[-90.85072,32.15276],[-90.8439,32.15254],[-90.85102,32.15468],[-90.84996,32.15674]]]},"properties":{"GEOID":"28149","BASENAME":"Warren","NAME":"Warren County","INTPTLAT":"+32.3560946","INTPTLON":"-090.8523838"}},{"type":"Feature","geometry":{"type":"Polygon","coordinates":[[[-89.75311,34.77237],[-89.72344,34.77231],[-89.72432,34.99479],[-90.30836,34.99569],[-90.29516,34.97563],[-90.26831,34.95738],[-90.24518,34.9479],[-90.24133,34.91903],[-90.24489,34.90597],[-90.25416,34.89585],[-90.27134,34.88687],[-90.3077,34.87647],[-90.31774,34.87106],[-90.31505,34.86406],[-90.30456,34.86059],[-90.20213,34.86037],[-90.20117,34.72721],[-90.19676,34.72074],[-90.19845,34.72555],[-90.19541,34.72748],[-90.19246,34.72489],[-90.19283,34.72869],[-90.18819,34.72857],[-90.19006,34.73068],[-90.18382,34.73351],[-90.18869,34.73864],[-90.18607,34.73668],[-90.17727,34.74549],[-90.17448,34.74354],[-90.17253,34.74753],[-90.17632,34.74779],[-90.17343,34.75028],[-90.17499,34.75349],[-90.17144,34.75475],[-90.17226,34.7585],[-90.16986,34.75551],[-90.16194,34.76026],[-90.1577,34.75469],[-90.15319,34.75675],[-90.15417,34.75928],[-90.14325,34.75623],[-90.13969,34.76226],[-90.13512,34.75883],[-90.12938,34.76086],[-90.12657,34.75652],[-90.12547,34.75869],[-90.12112,34.75634],[-90.12064,34.75232],[-90.1169,34.75378],[-90.11396,34.74529],[-90.10706,34.74144],[-90.1104,34.73792],[-90.10625,34.73667],[-90.10655,34.733],[-90.1052,34.73537],[-90.10092,34.73093],[-90.09399,34.73137],[-90.08978,34.73559],[-90.08088,34.73145],[-90.08298,34.72971],[-90.0811,34.72689],[-90.07396,34.72499],[-90.07366,34.72097],[-90.06912,34.72374],[-90.07043,34.72631],[-90.06019,34.72807],[-90.0609,34.7256],[-90.05705,34.72436],[-90.06062,34.72398],[-90.05802,34.72268],[-90.05981,34.72058],[-90.05288,34.71537],[-90.05401,34.71223],[-90.05267,34.71453],[-90.04966,34.71229],[-90.04773,34.71526],[-90.04766,34.7115],[-90.04242,34.71434],[-90.03733,34.71299],[-90.03826,34.70926],[-90.03366,34.71056],[-90.03005,34.70795],[-90.02375,34.71023],[-90.02379,34.71327],[-90.00038,34.71601],[-90.00026,34.72023],[-89.99789,34.71741],[-89.99536,34.71956],[-89.99489,34.71666],[-89.99003,34.72111],[-89.98613,34.71892],[-89.9855,34.7214],[-89.98234,34.72063],[-89.98434,34.72314],[-89.98158,34.72641],[-89.98098,34.72413],[-89.96853,34.72593],[-89.96406,34.72373],[-89.95412,34.72692],[-89.95548,34.7379],[-89.9517,34.74076],[-89.94768,34.73902],[-89.94632,34.7441],[-89.93951,34.74753],[-89.93482,34.74622],[-89.9301,34.75171],[-89.92508,34.75158],[-89.9192,34.76004],[-89.91541,34.75821],[-89.91605,34.76391],[-89.91283,34.76528],[-89.91624,34.76707],[-89.9122,34.77251],[-89.75311,34.77237]]]},"properties":{"GEOID":"28033","BASENAME":"DeSoto","NAME":"DeSoto County","INTPTLAT":"+34.8749217","INTPTLON":"-089.9912114"}},{"type":"Feature","geometry":{"type":"Polygon","coordinates":[[[-88.88454,30.71462],[-88.88313,30.4188],[-88.86763,30.4189],[-88.84604,30.40565],[-88.81348,30.3752],[-88.79529,30.35036],[-88.79515,30.19999],[-88.7539,30.18821],[-88.71739,30.19087],[-88.67743,30.17971],[-88.63733,30.17694],[-88.59519,30.16968],[-88.56787,30.17045],[-88.54586,30.17665],[-88.50979,30.15794],[-88.46128,30.14669],[-88.41938,30.14923],[-88.38443,30.15854],[-88.41261,30.73559],[-88.88453,30.73559],[-88.88454,30.71462]]]},"properties":{"GEOID":"28059","BASENAME":"Jackson","NAME":"Jackson County","INTPTLAT":"+30.4559885","INTPTLON":"-088.6251005"}},{"type":"Feature","geometry":{"type":"Polygon","coordinates":[[[-89.91977,34.16426],[-89.72143,34.16351],[-89.71938,34.33804],[-89.72225,34.41612],[-89.72134,34.55427],[-90.19863,34.55442],[-90.19763,34.34025],[-90.19341,34.34027],[-90.19409,34.30141],[-90.13448,34.26561],[-90.13546,34.16007],[-89.95858,34.15955],[-89.96615,34.16436],[-89.91977,34.16426]]]},"properties":{"GEOID":"28107","BASENAME":"Panola","NAME":"Panola County","INTPTLAT":"+34.3652052","INTPTLON":"-089.9630654"}},{"type":"Feature","geometry":{"type":"Polygon","coordinates":[[[-88.44905,32.92848],[-88.34789,32.92908],[-88.30443,33.28832],[-88.81305,33.28642],[-88.81278,32.92597],[-88.44905,32.92848]]]},"properties":{"GEOID":"28103","BASENAME":"Noxubee","NAME":"Noxubee County","INTPTLAT":"+33.1066060","INTPTLON":"-088.5661522"}},{"type":"Feature","geometry":{"type":"Polygon","coordinates":[[[-88.40996,32.39927],[-88.3888,32.57812],[-88.91452,32.57696],[-88.91385,32.22419],[-88.43138,32.22767],[-88.40996,32.39927]]]},"properties":{"GEOID":"28075","BASENAME":"Lauderdale","NAME":"Lauderdale County","INTPTLAT":"+32.4040171","INTPTLON":"-088.6604510"}},{"type":"Feature","geometry":{"type":"Polygon","coordinates":[[[-91.36561,31.76076],[-91.35271,31.75786],[-91.32881,31.76076],[-91.28658,31.77208],[-91.26372,31.76767],[-91.26001,31.75866],[-91.27711,31.74488],[-91.31786,31.74977],[-91.30702,31.71114],[-91.30093,31.71376],[-91.30268,31.70756],[-91.29698,31.70773],[-91.29904,31.69988],[-91.2941,31.69807],[-91.29182,31.69155],[-91.2947,31.68798],[-91.29254,31.68667],[-91.30038,31.68112],[-91.2972,31.67841],[-91.30026,31.67235],[-91.28777,31.67069],[-91.27965,31.66585],[-91.2788,31.66791],[-91.27384,31.6647],[-91.26968,31.66595],[-91.26557,31.65746],[-91.27085,31.65087],[-91.26931,31.64725],[-91.24903,31.64381],[-91.23302,31.62916],[-91.15384,31.63049],[-91.15386,31.61007],[-90.73733,31.61112],[-90.73628,31.78613],[-90.85266,31.78542],[-90.85061,31.79327],[-90.84033,31.8043],[-90.84332,31.81254],[-90.8404,31.8151],[-90.84574,31.8222],[-90.84219,31.82294],[-90.84267,31.82671],[-91.01368,31.86185],[-91.24814,31.86985],[-91.26581,31.86486],[-91.26901,31.85866],[-91.26661,31.85116],[-91.24499,31.83219],[-91.25011,31.81776],[-91.26201,31.80936],[-91.27671,31.81136],[-91.28491,31.81836],[-91.28941,31.82866],[-91.28931,31.84686],[-91.29341,31.86016],[-91.32791,31.85476],[-91.34081,31.84916],[-91.34571,31.84286],[-91.35931,31.80016],[-91.36561,31.76076]]]},"properties":{"GEOID":"28063","BASENAME":"Jefferson","NAME":"Jefferson County","INTPTLAT":"+31.7336333","INTPTLON":"-091.0438779"}},{"type":"Feature","geometry":{"type":"Polygon","coordinates":[[[-89.45162,31.43403],[-89.45107,31.34638],[-89.34786,31.3467],[-89.34897,31.00104],[-89.3407,31.00103],[-89.34081,30.90991],[-89.13797,30.90988],[-89.13815,31.00019],[-89.14618,31.00045],[-89.14609,31.43405],[-89.45162,31.43403]]]},"properties":{"GEOID":"28035","BASENAME":"Forrest","NAME":"Forrest County","INTPTLAT":"+31.1885802","INTPTLON":"-089.2594467"}},{"type":"Feature","geometry":{"type":"Polygon","coordinates":[[[-90.14883,32.40026],[-90.06412,32.39989],[-90.06373,32.40419],[-90.07545,32.41857],[-90.07048,32.41995],[-90.06578,32.41627],[-90.06303,32.41925],[-90.07012,32.43382],[-90.06882,32.43808],[-90.05751,32.43512],[-90.05546,32.43966],[-90.04837,32.4379],[-90.04066,32.44168],[-90.0365,32.44659],[-90.04146,32.44851],[-90.03064,32.46187],[-90.02636,32.46281],[-90.02527,32.47099],[-90.01903,32.47268],[-90.01935,32.47729],[-90.01327,32.48091],[-90.00751,32.48001],[-90.00322,32.4858],[-89.99677,32.48633],[-89.99276,32.48283],[-89.98442,32.48784],[-89.98156,32.49819],[-89.97466,32.49331],[-89.9701,32.49633],[-89.96064,32.49138],[-89.95406,32.50304],[-89.94154,32.50746],[-89.94556,32.509],[-89.9419,32.51323],[-89.92816,32.51444],[-89.92225,32.52971],[-89.91124,32.52869],[-89.91133,32.53729],[-89.9022,32.53826],[-89.89969,32.5428],[-89.8932,32.54244],[-89.89589,32.55436],[-89.88688,32.56285],[-89.87508,32.55924],[-89.86696,32.56453],[-89.85966,32.58444],[-89.84655,32.58273],[-89.83999,32.5933],[-89.83674,32.59069],[-89.83695,32.58542],[-89.83251,32.59013],[-89.8322,32.58612],[-89.81672,32.58649],[-89.81803,32.58464],[-89.81395,32.5819],[-89.81309,32.58587],[-89.80725,32.58484],[-89.80859,32.5908],[-89.79752,32.58977],[-89.79457,32.58478],[-89.79186,32.58848],[-89.79395,32.59299],[-89.78673,32.59142],[-89.78915,32.58588],[-89.78593,32.58373],[-89.78114,32.59023],[-89.78242,32.59701],[-89.76864,32.59996],[-89.76718,32.6023],[-89.77091,32.60615],[-89.7613,32.6067],[-89.75538,32.61708],[-89.73593,32.62997],[-89.73614,32.63311],[-89.7303,32.63423],[-89.73002,32.88507],[-89.84042,32.88541],[-89.83954,32.8797],[-89.96588,32.87957],[-89.97285,32.87215],[-89.9732,32.86709],[-89.9833,32.86453],[-89.98128,32.86235],[-89.9853,32.85754],[-89.98298,32.85634],[-89.98822,32.85114],[-89.98806,32.84703],[-89.9928,32.84721],[-89.98968,32.84478],[-89.99543,32.834],[-90.0065,32.82897],[-90.00774,32.83169],[-90.00965,32.82775],[-90.01335,32.83159],[-90.01753,32.82698],[-90.02016,32.8128],[-90.01745,32.81221],[-90.02085,32.80623],[-90.01721,32.80297],[-90.02053,32.79554],[-90.02397,32.79516],[-90.02067,32.79313],[-90.02543,32.77771],[-90.03204,32.7749],[-90.02962,32.77111],[-90.03308,32.76779],[-90.03063,32.76637],[-90.03247,32.75966],[-90.03951,32.75893],[-90.03967,32.74736],[-90.04662,32.74332],[-90.04949,32.7354],[-90.05737,32.73559],[-90.05755,32.73122],[-90.06122,32.73309],[-90.06506,32.72935],[-90.07073,32.73173],[-90.07636,32.72944],[-90.07394,32.72707],[-90.07805,32.72609],[-90.0795,32.71963],[-90.08961,32.71555],[-90.08742,32.71286],[-90.09962,32.70027],[-90.10515,32.70406],[-90.10834,32.70061],[-90.11017,32.70405],[-90.1156,32.70457],[-90.11562,32.70156],[-90.12245,32.7021],[-90.1216,32.6997],[-90.1293,32.69959],[-90.13157,32.7025],[-90.13748,32.69866],[-90.13631,32.68744],[-90.14148,32.68511],[-90.14557,32.69173],[-90.15432,32.69153],[-90.15643,32.68723],[-90.16824,32.68152],[-90.18103,32.67989],[-90.18478,32.67351],[-90.19312,32.67217],[-90.19244,32.66604],[-90.19714,32.66384],[-90.20645,32.66645],[-90.22229,32.65977],[-90.22667,32.66818],[-90.22801,32.66484],[-90.23083,32.66758],[-90.23922,32.66543],[-90.23832,32.66327],[-90.2423,32.66466],[-90.24568,32.66142],[-90.24452,32.65866],[-90.25681,32.6629],[-90.26515,32.65605],[-90.27178,32.66039],[-90.27416,32.65753],[-90.27805,32.66035],[-90.27999,32.65496],[-90.28394,32.65508],[-90.28322,32.64588],[-90.28726,32.64224],[-90.29693,32.64733],[-90.31121,32.64069],[-90.30989,32.63363],[-90.31383,32.63386],[-90.31788,32.62404],[-90.32517,32.62199],[-90.32226,32.61601],[-90.33235,32.61325],[-90.32998,32.61119],[-90.33705,32.60588],[-90.34437,32.60591],[-90.34571,32.61335],[-90.34992,32.61324],[-90.35338,32.61129],[-90.35132,32.60829],[-90.35563,32.60252],[-90.3586,32.60259],[-90.35757,32.60668],[-90.36282,32.60405],[-90.36386,32.59794],[-90.36818,32.59538],[-90.36887,32.60225],[-90.37136,32.60242],[-90.37425,32.59652],[-90.38156,32.59576],[-90.37764,32.59269],[-90.38153,32.59337],[-90.38229,32.58898],[-90.38904,32.58684],[-90.38623,32.58368],[-90.39347,32.58212],[-90.39633,32.58529],[-90.4045,32.57464],[-90.4077,32.57641],[-90.41155,32.57382],[-90.40946,32.57803],[-90.41514,32.57989],[-90.41837,32.5771],[-90.42156,32.58325],[-90.42847,32.58604],[-90.43095,32.58344],[-90.43435,32.58642],[-90.4455,32.58439],[-90.44366,32.58141],[-90.4514,32.57863],[-90.44978,32.48798],[-90.24364,32.48753],[-90.24376,32.4001],[-90.14883,32.40026]]]},"properties":{"GEOID":"28089","BASENAME":"Madison","NAME":"Madison County","INTPTLAT":"+32.6343703","INTPTLON":"-090.0341603"}},{"type":"Feature","geometry":{"type":"Polygon","coordinates":[[[-88.62123,32.57769],[-88.3888,32.57812],[-88.34789,32.92908],[-88.91441,32.9266],[-88.91452,32.57696],[-88.62123,32.57769]]]},"properties":{"GEOID":"28069","BASENAME":"Kemper","NAME":"Kemper County","INTPTLAT":"+32.7501361","INTPTLON":"-088.6256306"}},{"type":"Feature","geometry":{"type":"Polygon","coordinates":[[[-88.93123,33.80492],[-88.93118,33.81237],[-88.71998,33.81133],[-88.71896,34.07452],[-89.13916,34.07412],[-89.13788,33.81214],[-89.19004,33.81171],[-89.19178,33.7386],[-89.0345,33.73943],[-89.03478,33.75416],[-88.9316,33.75431],[-88.93123,33.80492]]]},"properties":{"GEOID":"28017","BASENAME":"Chickasaw","NAME":"Chickasaw County","INTPTLAT":"+33.9332767","INTPTLON":"-088.9475579"}},{"type":"Feature","geometry":{"type":"Polygon","coordinates":[[[-88.68444,34.99539],[-88.82305,34.99522],[-88.82347,34.85863],[-88.75296,34.85877],[-88.75306,34.75696],[-88.36547,34.7556],[-88.36353,34.99547],[-88.68444,34.99539]]]},"properties":{"GEOID":"28003","BASENAME":"Alcorn","NAME":"Alcorn County","INTPTLAT":"+34.8865689","INTPTLON":"-088.5811091"}},{"type":"Feature","geometry":{"type":"Polygon","coordinates":[[[-89.24598,34.24865],[-89.24613,34.49563],[-89.24962,34.49586],[-89.24667,34.49738],[-89.24892,34.49961],[-89.25141,34.49628],[-89.25814,34.49688],[-89.25827,34.50064],[-89.26322,34.50073],[-89.26236,34.50417],[-89.27398,34.5081],[-89.27459,34.50531],[-89.28253,34.50898],[-89.2888,34.50621],[-89.2918,34.51717],[-89.29521,34.51474],[-89.2976,34.51932],[-89.3005,34.5135],[-89.30243,34.51815],[-89.3104,34.51754],[-89.31087,34.52006],[-89.31366,34.51792],[-89.31465,34.5242],[-89.31957,34.52026],[-89.32656,34.52323],[-89.32565,34.52595],[-89.3305,34.52292],[-89.33128,34.52723],[-89.33512,34.52235],[-89.34234,34.52465],[-89.34321,34.52115],[-89.3451,34.52599],[-89.34989,34.52179],[-89.35401,34.52269],[-89.35307,34.52724],[-89.36211,34.52234],[-89.36585,34.5263],[-89.36404,34.51929],[-89.37366,34.51816],[-89.37581,34.52058],[-89.37923,34.51688],[-89.38161,34.52071],[-89.38653,34.51907],[-89.38903,34.52424],[-89.40147,34.52561],[-89.40242,34.52825],[-89.40752,34.52226],[-89.41235,34.52606],[-89.41488,34.52219],[-89.42446,34.51913],[-89.43404,34.51992],[-89.4402,34.52345],[-89.44243,34.53103],[-89.45612,34.53272],[-89.46795,34.54616],[-89.47666,34.54899],[-89.47664,34.55417],[-89.72134,34.55427],[-89.72105,34.19254],[-89.50944,34.19096],[-89.50975,34.16208],[-89.24549,34.16119],[-89.24598,34.24865]]]},"properties":{"GEOID":"28071","BASENAME":"Lafayette","NAME":"Lafayette County","INTPTLAT":"+34.3530722","INTPTLON":"-089.4853969"}},{"type":"Feature","geometry":{"type":"Polygon","coordinates":[[[-90.71613,33.27003],[-90.55521,33.27053],[-90.55555,33.32918],[-90.45323,33.32948],[-90.45101,33.98569],[-90.657,33.98759],[-90.6586,33.61627],[-90.76347,33.61616],[-90.76046,33.44575],[-90.76448,33.44569],[-90.76377,33.27036],[-90.71613,33.27003]]]},"properties":{"GEOID":"28133","BASENAME":"Sunflower","NAME":"Sunflower County","INTPTLAT":"+33.6055289","INTPTLON":"-090.5950901"}},{"type":"Feature","geometry":{"type":"Polygon","coordinates":[[[-89.35303,34.87132],[-89.3527,34.84443],[-89.29923,34.84441],[-89.29833,34.58293],[-89.24564,34.58323],[-89.24561,34.5976],[-89.08849,34.59825],[-89.08807,34.81531],[-89.03534,34.81526],[-89.03501,34.85876],[-89.01755,34.85872],[-89.01713,34.99497],[-89.35268,34.99386],[-89.35303,34.87132]]]},"properties":{"GEOID":"28009","BASENAME":"Benton","NAME":"Benton County","INTPTLAT":"+34.8096653","INTPTLON":"-089.2002538"}},{"type":"Feature","geometry":{"type":"Polygon","coordinates":[[[-90.09362,32.70763],[-90.08728,32.7131],[-90.08961,32.71555],[-90.08355,32.72003],[-90.08092,32.71846],[-90.07805,32.72609],[-90.07477,32.72556],[-90.07636,32.72944],[-90.07073,32.73173],[-90.06506,32.72935],[-90.06122,32.73309],[-90.05755,32.73122],[-90.05737,32.73559],[-90.04949,32.7354],[-90.04662,32.74332],[-90.03967,32.74736],[-90.03951,32.75893],[-90.03247,32.75966],[-90.03063,32.76637],[-90.03308,32.76779],[-90.02962,32.77111],[-90.03204,32.7749],[-90.02543,32.77771],[-90.02067,32.79313],[-90.02397,32.79516],[-90.02053,32.79554],[-90.01721,32.80297],[-90.02085,32.80623],[-90.01745,32.81221],[-90.02016,32.8128],[-90.01753,32.82698],[-90.01335,32.83159],[-90.00965,32.82775],[-90.00774,32.83169],[-90.0065,32.82897],[-89.99543,32.834],[-89.98968,32.84478],[-89.9928,32.84721],[-89.98806,32.84703],[-89.98822,32.85114],[-89.98298,32.85634],[-89.9853,32.85754],[-89.98128,32.86235],[-89.9833,32.86453],[-89.9732,32.86709],[-89.97285,32.87215],[-89.96588,32.87957],[-90.33834,33.01013],[-90.33704,33.01409],[-90.34335,33.0219],[-90.34956,33.02055],[-90.35386,33.01207],[-90.36404,33.00987],[-90.44932,33.00901],[-90.44989,32.92329],[-90.65671,32.92251],[-90.75975,32.83576],[-90.75964,32.81401],[-90.74862,32.81822],[-90.73939,32.80895],[-90.73296,32.80998],[-90.7268,32.81961],[-90.71713,32.81435],[-90.70866,32.81797],[-90.69441,32.81535],[-90.71099,32.80552],[-90.71584,32.79341],[-90.70767,32.77778],[-90.69679,32.77304],[-90.68976,32.76588],[-90.6905,32.75756],[-90.69951,32.75013],[-90.70942,32.74743],[-90.71763,32.74799],[-90.72958,32.75722],[-90.73438,32.75718],[-90.73667,32.75425],[-90.73523,32.7438],[-90.74263,32.72923],[-90.73387,32.7187],[-90.71773,32.709],[-90.68868,32.70537],[-90.67139,32.69646],[-90.66375,32.68601],[-90.66768,32.67098],[-90.67584,32.66513],[-90.68417,32.66375],[-90.69488,32.67109],[-90.69717,32.68787],[-90.70442,32.69078],[-90.71221,32.68744],[-90.71213,32.67838],[-90.72415,32.66033],[-90.72327,32.65378],[-90.71654,32.64427],[-90.69475,32.64113],[-90.6914,32.63628],[-90.69874,32.62424],[-90.71995,32.62442],[-90.7201,32.61886],[-90.68995,32.61866],[-90.69025,32.58939],[-90.65553,32.58977],[-90.65459,32.54604],[-90.58802,32.54607],[-90.58792,32.53176],[-90.5539,32.53191],[-90.55382,32.50757],[-90.54656,32.51048],[-90.54316,32.5055],[-90.53995,32.5058],[-90.5404,32.50916],[-90.53646,32.50715],[-90.53023,32.51091],[-90.52222,32.50311],[-90.5207,32.5099],[-90.52568,32.51572],[-90.51971,32.51728],[-90.52354,32.51933],[-90.5145,32.52549],[-90.51032,32.52239],[-90.49813,32.52415],[-90.49872,32.5274],[-90.4918,32.53085],[-90.4924,32.53386],[-90.48477,32.54256],[-90.47149,32.54331],[-90.47103,32.54888],[-90.46514,32.54766],[-90.46252,32.55904],[-90.45814,32.56016],[-90.45905,32.55768],[-90.45578,32.55712],[-90.45119,32.5632],[-90.45498,32.56605],[-90.44955,32.57466],[-90.4514,32.57863],[-90.44366,32.58141],[-90.44564,32.58433],[-90.43435,32.58642],[-90.43095,32.58344],[-90.4283,32.58601],[-90.42156,32.58325],[-90.41837,32.5771],[-90.41514,32.57989],[-90.40946,32.57803],[-90.41155,32.57382],[-90.4077,32.57641],[-90.4045,32.57464],[-90.39633,32.58529],[-90.39347,32.58212],[-90.38623,32.58368],[-90.38904,32.58684],[-90.38229,32.58898],[-90.38153,32.59337],[-90.37764,32.59269],[-90.38156,32.59576],[-90.37425,32.59652],[-90.37136,32.60242],[-90.36887,32.60225],[-90.36818,32.59538],[-90.36386,32.59794],[-90.36282,32.60405],[-90.35757,32.60668],[-90.3586,32.60259],[-90.35563,32.60252],[-90.35132,32.60829],[-90.35338,32.61129],[-90.34992,32.61324],[-90.34571,32.61335],[-90.34437,32.60591],[-90.33563,32.60663],[-90.32998,32.61119],[-90.33235,32.61325],[-90.32226,32.61601],[-90.32517,32.62199],[-90.31788,32.62404],[-90.31383,32.63386],[-90.30989,32.63363],[-90.31121,32.64069],[-90.29693,32.64733],[-90.28726,32.64224],[-90.28322,32.64588],[-90.28394,32.65508],[-90.27999,32.65496],[-90.27805,32.66035],[-90.27416,32.65753],[-90.27178,32.66039],[-90.26515,32.65605],[-90.25681,32.6629],[-90.24452,32.65866],[-90.24568,32.66142],[-90.2423,32.66466],[-90.23832,32.66327],[-90.23922,32.66543],[-90.23083,32.66758],[-90.22801,32.66484],[-90.22667,32.66818],[-90.22229,32.65977],[-90.20645,32.66645],[-90.19714,32.66384],[-90.19244,32.66604],[-90.19312,32.67217],[-90.18478,32.67351],[-90.18103,32.67989],[-90.16824,32.68152],[-90.15643,32.68723],[-90.15432,32.69153],[-90.14557,32.69173],[-90.14148,32.68511],[-90.13631,32.68744],[-90.13748,32.69866],[-90.13157,32.7025],[-90.1293,32.69959],[-90.1216,32.6997],[-90.12245,32.7021],[-90.11562,32.70156],[-90.1156,32.70457],[-90.11017,32.70405],[-90.10834,32.70061],[-90.10515,32.70406],[-90.10024,32.70001],[-90.09362,32.70763]]]},"properties":{"GEOID":"28163","BASENAME":"Yazoo","NAME":"Yazoo County","INTPTLAT":"+32.7656747","INTPTLON":"-090.3879282"}},{"type":"Feature","geometry":{"type":"Polygon","coordinates":[[[-90.59372,34.48537],[-90.58521,34.44719],[-90.57769,34.43245],[-90.57974,34.42273],[-90.58623,34.40917],[-90.60604,34.39326],[-90.61611,34.38979],[-90.64091,34.38886],[-90.65854,34.37571],[-90.65535,34.37184],[-90.66685,34.35577],[-90.65749,34.32223],[-90.66151,34.31521],[-90.67807,34.31309],[-90.69313,34.32257],[-90.6915,34.33864],[-90.6815,34.3526],[-90.6763,34.37126],[-90.7158,34.36034],[-90.74645,34.36767],[-90.7573,34.36739],[-90.76831,34.35979],[-90.76938,34.34973],[-90.74176,34.32003],[-90.73587,34.31069],[-90.73515,34.30256],[-90.73803,34.28928],[-90.75293,34.27461],[-90.76834,34.26952],[-90.81674,34.28065],[-90.82962,34.27857],[-90.83363,34.27407],[-90.84054,34.23803],[-90.83813,34.22],[-90.84715,34.20613],[-90.85641,34.21132],[-90.8768,34.21439],[-90.89228,34.22289],[-90.89958,34.22895],[-90.90633,34.24438],[-90.92292,34.24654],[-90.93555,34.23785],[-90.93647,34.22477],[-90.9276,34.20925],[-90.91443,34.19573],[-90.88941,34.18314],[-90.87745,34.18562],[-90.8694,34.18285],[-90.85441,34.18683],[-90.81256,34.18098],[-90.80868,34.17588],[-90.80722,34.16371],[-90.81588,34.14988],[-90.8361,34.13788],[-90.85347,34.13751],[-90.86862,34.14252],[-90.89445,34.16106],[-90.90996,34.16551],[-90.95864,34.13548],[-90.95989,34.1252],[-90.9569,34.12009],[-90.65946,34.11887],[-90.66036,33.98759],[-90.45101,33.98569],[-90.45057,34.2624],[-90.39901,34.26152],[-90.39753,34.42261],[-90.56787,34.524],[-90.58129,34.51561],[-90.59372,34.48537]]]},"properties":{"GEOID":"28027","BASENAME":"Coahoma","NAME":"Coahoma County","INTPTLAT":"+34.2303156","INTPTLON":"-090.6040104"}},{"type":"Feature","geometry":{"type":"Polygon","coordinates":[[[-90.24519,31.71752],[-90.24389,31.35027],[-90.10865,31.35087],[-90.10864,31.34347],[-90.09136,31.34329],[-90.09103,31.33596],[-90.08249,31.33599],[-90.08238,31.32876],[-90.05298,31.32887],[-90.04869,31.33582],[-90.04047,31.33601],[-90.04049,31.39467],[-89.97537,31.39469],[-89.97183,31.39233],[-89.96536,31.39578],[-89.96352,31.39392],[-89.96631,31.39049],[-89.95894,31.39049],[-89.9591,31.52242],[-89.97605,31.52248],[-89.97459,31.76166],[-90.1231,31.75197],[-90.13127,31.75605],[-90.1436,31.74716],[-90.16371,31.74414],[-90.18414,31.73146],[-90.20356,31.72584],[-90.22992,31.72373],[-90.24519,31.71752]]]},"properties":{"GEOID":"28077","BASENAME":"Lawrence","NAME":"Lawrence County","INTPTLAT":"+31.5500087","INTPTLON":"-090.1075299"}},{"type":"Feature","geometry":{"type":"Polygon","coordinates":[[[-89.10028,30.16795],[-88.88903,30.13985],[-88.90033,30.16998],[-88.87503,30.179],[-88.85039,30.19228],[-88.82139,30.21737],[-88.79515,30.19999],[-88.79529,30.35036],[-88.81348,30.3752],[-88.84604,30.40565],[-88.86763,30.4189],[-88.88313,30.4188],[-88.88453,30.67729],[-89.24007,30.67716],[-89.24014,30.64765],[-89.34145,30.64772],[-89.34085,30.35799],[-89.32615,30.3545],[-89.31115,30.3464],[-89.30685,30.3384],[-89.30613,30.17794],[-89.26098,30.182],[-89.18367,30.21216],[-89.10028,30.16795]]]},"properties":{"GEOID":"28047","BASENAME":"Harrison","NAME":"Harrison County","INTPTLAT":"+30.4165357","INTPTLON":"-089.0833762"}},{"type":"Feature","geometry":{"type":"Polygon","coordinates":[[[-89.11768,32.22397],[-88.91385,32.22419],[-88.91452,32.57696],[-89.3226,32.57643],[-89.32269,32.22347],[-89.11768,32.22397]]]},"properties":{"GEOID":"28101","BASENAME":"Newton","NAME":"Newton County","INTPTLAT":"+32.4019702","INTPTLON":"-089.1184115"}},{"type":"Feature","geometry":{"type":"Polygon","coordinates":[[[-89.24609,34.49614],[-89.24634,34.37934],[-88.9289,34.37936],[-88.92855,34.365],[-88.82497,34.36476],[-88.82513,34.39389],[-88.78977,34.39369],[-88.78944,34.49493],[-88.73667,34.49466],[-88.73544,34.59648],[-89.24561,34.5976],[-89.24609,34.49614]]]},"properties":{"GEOID":"28145","BASENAME":"Union","NAME":"Union County","INTPTLAT":"+34.4895325","INTPTLON":"-089.0023393"}},{"type":"Feature","geometry":{"type":"Polygon","coordinates":[[[-89.36917,33.46386],[-89.3753,33.46369],[-89.37761,33.46049],[-89.38212,33.46191],[-89.38107,33.4569],[-89.38343,33.45534],[-89.38693,33.4569],[-89.38786,33.45401],[-89.39377,33.45539],[-89.3934,33.45268],[-89.39691,33.45483],[-89.40223,33.45032],[-89.40634,33.45146],[-89.40564,33.44899],[-89.41107,33.44566],[-89.41063,33.43615],[-89.41755,33.43249],[-89.42133,33.4338],[-89.41885,33.43086],[-89.42151,33.42948],[-89.43398,33.43731],[-89.44225,33.43901],[-89.44666,33.43514],[-89.44633,33.43984],[-89.45405,33.4332],[-89.45381,33.28594],[-89.31641,33.28556],[-89.31785,33.10887],[-89.21392,33.1094],[-89.21342,33.19754],[-89.1089,33.19806],[-89.10889,33.28594],[-89.08826,33.286],[-89.08845,33.5332],[-89.18117,33.53283],[-89.20043,33.5274],[-89.20478,33.52881],[-89.20838,33.5252],[-89.22166,33.52807],[-89.2286,33.51982],[-89.24061,33.51966],[-89.24191,33.51621],[-89.26137,33.51872],[-89.27185,33.51105],[-89.29314,33.50778],[-89.29679,33.50311],[-89.30302,33.50439],[-89.3131,33.49714],[-89.31963,33.49666],[-89.34028,33.4695],[-89.35495,33.46916],[-89.36239,33.47341],[-89.36917,33.46386]]]},"properties":{"GEOID":"28019","BASENAME":"Choctaw","NAME":"Choctaw County","INTPTLAT":"+33.3459638","INTPTLON":"-089.2513319"}},{"type":"Feature","geometry":{"type":"Polygon","coordinates":[[[-91.36665,31.33592],[-91.36479,31.34196],[-91.36153,31.3408],[-91.35607,31.3458],[-91.35314,31.34511],[-91.35534,31.34359],[-91.35374,31.33981],[-91.34992,31.34014],[-91.35085,31.33751],[-91.34424,31.34176],[-91.34595,31.33907],[-91.34169,31.34003],[-91.33085,31.35178],[-91.32366,31.35229],[-91.3238,31.35467],[-91.32071,31.35218],[-91.31429,31.35723],[-91.31005,31.35392],[-91.30795,31.35953],[-91.30023,31.36047],[-91.29879,31.36477],[-91.2992,31.35988],[-91.29377,31.36026],[-91.28728,31.35607],[-91.27453,31.36549],[-91.27533,31.36984],[-91.26247,31.36934],[-91.26101,31.36514],[-91.26437,31.36248],[-91.25745,31.3601],[-91.2548,31.36553],[-91.25105,31.36341],[-91.24534,31.36766],[-91.23943,31.36672],[-91.23791,31.37073],[-91.23097,31.37319],[-91.2241,31.36996],[-91.21794,31.3724],[-91.21926,31.36816],[-91.2104,31.36292],[-91.21306,31.3571],[-91.20877,31.35481],[-91.19955,31.35321],[-91.18964,31.3569],[-91.18563,31.34805],[-91.17876,31.35109],[-91.17223,31.34569],[-91.16268,31.35074],[-91.15815,31.3467],[-91.15384,31.63049],[-91.23302,31.62916],[-91.24903,31.64381],[-91.26931,31.64725],[-91.27085,31.65087],[-91.26568,31.65553],[-91.26704,31.66422],[-91.30026,31.67235],[-91.2972,31.67841],[-91.30038,31.68112],[-91.29254,31.68667],[-91.2947,31.68798],[-91.29182,31.69155],[-91.2941,31.69807],[-91.29904,31.69988],[-91.29698,31.70773],[-91.30268,31.70756],[-91.30093,31.71376],[-91.30702,31.71114],[-91.31972,31.74998],[-91.36938,31.7469],[-91.39712,31.71136],[-91.40011,31.68726],[-91.39572,31.64417],[-91.40082,31.62046],[-91.42112,31.61156],[-91.43622,31.61246],[-91.47432,31.62537],[-91.49613,31.64531],[-91.51013,31.63679],[-91.51616,31.6288],[-91.51657,31.61182],[-91.50278,31.59573],[-91.48652,31.58657],[-91.46202,31.58667],[-91.42495,31.59706],[-91.41302,31.59536],[-91.40391,31.58977],[-91.40981,31.56707],[-91.44242,31.54327],[-91.47902,31.53047],[-91.48962,31.53427],[-91.51345,31.53203],[-91.52254,31.52208],[-91.5207,31.51339],[-91.51492,31.51011],[-91.51815,31.48348],[-91.51513,31.44921],[-91.49981,31.4201],[-91.48002,31.4042],[-91.47765,31.3979],[-91.47207,31.39708],[-91.47098,31.37624],[-91.47481,31.36865],[-91.47885,31.36495],[-91.50476,31.36498],[-91.52184,31.37517],[-91.53234,31.39028],[-91.53946,31.41402],[-91.53714,31.42416],[-91.54337,31.43261],[-91.54846,31.43267],[-91.56518,31.42345],[-91.57626,31.4105],[-91.57833,31.39907],[-91.56895,31.37763],[-91.55568,31.38641],[-91.54606,31.38222],[-91.55005,31.37538],[-91.551,31.36365],[-91.54821,31.34608],[-91.50866,31.31513],[-91.50886,31.29164],[-91.51561,31.27821],[-91.53773,31.26737],[-91.56419,31.26163],[-91.63767,31.26768],[-91.64985,31.26118],[-91.65491,31.25018],[-91.64436,31.23441],[-91.62512,31.22607],[-91.60162,31.20857],[-91.58945,31.19114],[-91.58392,31.19749],[-91.58699,31.20442],[-91.58515,31.20995],[-91.57657,31.22349],[-91.55256,31.23862],[-91.54091,31.23835],[-91.5318,31.23239],[-91.52966,31.21454],[-91.51481,31.21747],[-91.50677,31.22627],[-91.4968,31.22461],[-91.48702,31.22749],[-91.48868,31.23418],[-91.4834,31.23341],[-91.48316,31.23779],[-91.47878,31.23907],[-91.48107,31.24384],[-91.47757,31.24541],[-91.48043,31.25111],[-91.47717,31.25965],[-91.48297,31.26531],[-91.48944,31.26552],[-91.49727,31.27574],[-91.49612,31.28306],[-91.49155,31.28468],[-91.4802,31.28159],[-91.47533,31.286],[-91.47106,31.28561],[-91.46844,31.31957],[-91.44332,31.31933],[-91.43428,31.31418],[-91.42401,31.31504],[-91.41264,31.32421],[-91.39867,31.32461],[-91.39357,31.33134],[-91.39206,31.32482],[-91.38804,31.32658],[-91.38884,31.33051],[-91.38422,31.33124],[-91.38426,31.33542],[-91.36665,31.33592]]]},"properties":{"GEOID":"28001","BASENAME":"Adams","NAME":"Adams County","INTPTLAT":"+31.4862243","INTPTLON":"-091.3517966"}},{"type":"Feature","geometry":{"type":"Polygon","coordinates":[[[-88.17729,34.29226],[-88.15629,34.46321],[-88.54208,34.46528],[-88.54218,34.33801],[-88.54474,34.33752],[-88.54335,34.08904],[-88.20386,34.08656],[-88.17729,34.29226]]]},"properties":{"GEOID":"28057","BASENAME":"Itawamba","NAME":"Itawamba County","INTPTLAT":"+34.2810747","INTPTLON":"-088.3631269"}},{"type":"Feature","geometry":{"type":"Polygon","coordinates":[[[-90.85255,30.9993],[-90.54762,30.99972],[-90.5482,31.34957],[-90.983,31.34867],[-90.98983,31.33626],[-91.002,31.33704],[-91.00763,31.3467],[-91.01585,31.34764],[-91.01939,31.34693],[-91.02716,31.33626],[-91.04536,31.33537],[-91.05068,31.3304],[-91.05923,31.33176],[-91.06574,31.3389],[-91.06925,31.32832],[-91.07958,31.32505],[-91.0866,31.32667],[-91.0954,31.32097],[-91.08765,31.31731],[-91.08726,31.31167],[-91.08308,31.30821],[-91.08453,31.30066],[-91.07956,31.29618],[-91.07995,31.28883],[-91.05943,31.28186],[-91.06022,30.99893],[-90.85255,30.9993]]]},"properties":{"GEOID":"28005","BASENAME":"Amite","NAME":"Amite County","INTPTLAT":"+31.2039325","INTPTLON":"-090.7955434"}},{"type":"Feature","geometry":{"type":"Polygon","coordinates":[[[-89.54405,30.62774],[-89.54423,30.64837],[-89.34145,30.64772],[-89.3407,31.00103],[-89.34897,31.00104],[-89.34895,31.01037],[-89.42481,31.01011],[-89.42534,30.98245],[-89.47602,30.9829],[-89.47594,31.00136],[-89.5014,31.00146],[-89.50134,31.01603],[-89.55203,31.01596],[-89.55185,31.00192],[-89.72812,31.0023],[-89.73554,30.99972],[-89.73423,30.9956],[-89.7277,30.99333],[-89.7305,30.97971],[-89.73715,30.97608],[-89.72707,30.96739],[-89.73569,30.96657],[-89.75651,30.94286],[-89.7489,30.93389],[-89.75281,30.92541],[-89.74516,30.92242],[-89.74479,30.91893],[-89.75007,30.91293],[-89.7594,30.91513],[-89.7642,30.91191],[-89.75667,30.90107],[-89.75872,30.89732],[-89.77341,30.89769],[-89.77355,30.88637],[-89.76958,30.88115],[-89.77711,30.88109],[-89.77925,30.87601],[-89.76779,30.86558],[-89.77258,30.85964],[-89.77172,30.85468],[-89.78338,30.85602],[-89.78163,30.84527],[-89.78951,30.85138],[-89.79247,30.85039],[-89.7875,30.84411],[-89.79075,30.83177],[-89.78235,30.83255],[-89.78764,30.82347],[-89.7815,30.81894],[-89.78621,30.81599],[-89.79174,30.82039],[-89.79533,30.81723],[-89.79571,30.82109],[-89.79865,30.82086],[-89.79999,30.8162],[-89.79716,30.81175],[-89.80405,30.80744],[-89.80463,30.80251],[-89.81031,30.80018],[-89.81574,30.80335],[-89.80814,30.79643],[-89.80845,30.79184],[-89.80354,30.79456],[-89.80347,30.79114],[-89.81217,30.78765],[-89.81246,30.79312],[-89.81756,30.79605],[-89.82138,30.79176],[-89.82009,30.78239],[-89.82438,30.77962],[-89.82953,30.78256],[-89.82876,30.76874],[-89.83169,30.7677],[-89.8337,30.77192],[-89.83535,30.76978],[-89.82564,30.75769],[-89.83348,30.75395],[-89.82935,30.75132],[-89.82246,30.75463],[-89.82516,30.74126],[-89.82907,30.73843],[-89.81608,30.73891],[-89.83694,30.73491],[-89.83619,30.73252],[-89.82746,30.73212],[-89.83633,30.7272],[-89.82563,30.72737],[-89.83127,30.72259],[-89.83098,30.71553],[-89.84236,30.72072],[-89.84011,30.71182],[-89.84666,30.70573],[-89.8436,30.70251],[-89.83807,30.70404],[-89.83585,30.69907],[-89.83832,30.69512],[-89.83529,30.69179],[-89.84417,30.6915],[-89.84584,30.6883],[-89.83736,30.6878],[-89.84226,30.68028],[-89.83712,30.67791],[-89.84727,30.67091],[-89.84322,30.66898],[-89.83924,30.67391],[-89.83866,30.66917],[-89.84373,30.66341],[-89.84932,30.6654],[-89.8522,30.66168],[-89.84084,30.66082],[-89.84072,30.65217],[-89.83321,30.6575],[-89.83031,30.65077],[-89.82471,30.64903],[-89.82574,30.64527],[-89.82065,30.64609],[-89.82295,30.63908],[-89.814,30.63825],[-89.82007,30.63281],[-89.82322,30.62269],[-89.83018,30.62208],[-89.83082,30.61765],[-89.82143,30.61979],[-89.82326,30.60771],[-89.81392,30.60772],[-89.82256,30.60524],[-89.81404,30.59859],[-89.8198,30.59678],[-89.81877,30.59288],[-89.81235,30.59217],[-89.81143,30.58664],[-89.80702,30.5871],[-89.8157,30.58554],[-89.80934,30.58004],[-89.80795,30.56765],[-89.79533,30.57009],[-89.79301,30.56415],[-89.79123,30.56995],[-89.78686,30.56905],[-89.79166,30.56261],[-89.80167,30.56374],[-89.80398,30.56052],[-89.80303,30.55789],[-89.79446,30.55655],[-89.7922,30.54835],[-89.80392,30.54935],[-89.77916,30.54403],[-89.77408,30.53779],[-89.77737,30.533],[-89.76905,30.52918],[-89.77168,30.52638],[-89.77019,30.52148],[-89.77309,30.52079],[-89.7688,30.51837],[-89.76781,30.51319],[-89.75746,30.5186],[-89.76067,30.51202],[-89.75445,30.50977],[-89.75856,30.506],[-89.75281,30.5077],[-89.75264,30.50243],[-89.75748,30.49955],[-89.7467,30.50295],[-89.74553,30.49824],[-89.74215,30.49731],[-89.74733,30.49272],[-89.7331,30.496],[-89.72965,30.49002],[-89.72482,30.49213],[-89.72083,30.48702],[-89.72373,30.48249],[-89.7192,30.48307],[-89.71554,30.47768],[-89.7096,30.47797],[-89.70501,30.47087],[-89.70585,30.46495],[-89.68989,30.45928],[-89.64696,30.45889],[-89.64707,30.50274],[-89.59573,30.50249],[-89.59587,30.51707],[-89.54451,30.51686],[-89.54405,30.62774]]]},"properties":{"GEOID":"28109","BASENAME":"Pearl River","NAME":"Pearl River County","INTPTLAT":"+30.7761086","INTPTLON":"-089.5865751"}},{"type":"Feature","geometry":{"type":"Polygon","coordinates":[[[-88.84098,31.14485],[-88.84171,31.4337],[-89.14609,31.43405],[-89.14618,31.00045],[-89.13815,31.00019],[-89.13797,30.90988],[-88.83448,30.91032],[-88.83434,30.99798],[-88.84093,30.99841],[-88.84098,31.14485]]]},"properties":{"GEOID":"28111","BASENAME":"Perry","NAME":"Perry County","INTPTLAT":"+31.1693073","INTPTLON":"-088.9887554"}},{"type":"Feature","geometry":{"type":"Polygon","coordinates":[[[-89.35523,31.79966],[-89.31656,31.80209],[-89.31709,31.8743],[-89.32075,31.87434],[-89.3211,31.88156],[-89.32269,32.22347],[-89.73106,32.22204],[-89.73007,32.04707],[-89.66209,32.04724],[-89.65443,32.01368],[-89.65303,31.78065],[-89.35523,31.79966]]]},"properties":{"GEOID":"28129","BASENAME":"Smith","NAME":"Smith County","INTPTLAT":"+32.0193886","INTPTLON":"-089.4959850"}},{"type":"Feature","geometry":{"type":"Polygon","coordinates":[[[-89.07939,31.81659],[-88.91046,31.82665],[-88.91385,32.22419],[-89.32269,32.22347],[-89.3211,31.88156],[-89.32075,31.87434],[-89.31709,31.8743],[-89.31656,31.80209],[-89.07939,31.81659]]]},"properties":{"GEOID":"28061","BASENAME":"Jasper","NAME":"Jasper County","INTPTLAT":"+32.0212861","INTPTLON":"-089.1206965"}},{"type":"Feature","geometry":{"type":"Polygon","coordinates":[[[-89.08322,31.81631],[-89.40123,31.79686],[-89.39918,31.43403],[-88.94347,31.43346],[-88.94335,31.82456],[-89.08322,31.81631]]]},"properties":{"GEOID":"28067","BASENAME":"Jones","NAME":"Jones County","INTPTLAT":"+31.6166011","INTPTLON":"-089.1685317"}},{"type":"Feature","geometry":{"type":"Polygon","coordinates":[[[-89.95738,31.7627],[-89.65303,31.78065],[-89.65443,32.01368],[-89.66209,32.04724],[-90.23033,32.04973],[-90.23686,32.03733],[-90.24416,32.03622],[-90.24793,32.03131],[-90.24359,32.02261],[-90.2342,32.02489],[-90.23963,32.02041],[-90.23429,32.01715],[-90.22812,32.02117],[-90.22018,32.01897],[-90.2136,32.025],[-90.22455,32.01012],[-90.23278,32.00906],[-90.22279,31.99482],[-90.22284,31.98885],[-90.21724,31.98989],[-90.21341,31.9862],[-90.21028,31.98927],[-90.20592,31.98779],[-90.207,31.97603],[-90.19711,31.96565],[-90.19811,31.95787],[-90.18748,31.95181],[-90.18937,31.94903],[-90.19291,31.95323],[-90.19187,31.94411],[-90.1983,31.9419],[-90.19138,31.93936],[-90.18697,31.94161],[-90.18303,31.93737],[-90.17816,31.94218],[-90.16647,31.92645],[-90.17028,31.90447],[-90.14572,31.89287],[-90.14175,31.88739],[-90.13714,31.86431],[-90.13209,31.85754],[-90.13891,31.8481],[-90.15918,31.84484],[-90.14465,31.82993],[-90.13641,31.83277],[-90.12729,31.82562],[-90.12964,31.82251],[-90.13267,31.82678],[-90.13694,31.82602],[-90.13602,31.81897],[-90.14871,31.80784],[-90.1507,31.79987],[-90.14076,31.78935],[-90.11372,31.79143],[-90.11098,31.78927],[-90.10749,31.77769],[-90.1125,31.76971],[-90.11975,31.76804],[-90.12323,31.77497],[-90.12898,31.76821],[-90.12257,31.75268],[-89.95738,31.7627]]]},"properties":{"GEOID":"28127","BASENAME":"Simpson","NAME":"Simpson County","INTPTLAT":"+31.9025047","INTPTLON":"-089.9177086"}},{"type":"Feature","geometry":{"type":"Polygon","coordinates":[[[-89.15536,30.67704],[-88.88453,30.67729],[-88.88504,30.91079],[-89.34081,30.90991],[-89.34145,30.64772],[-89.24014,30.64765],[-89.24007,30.67716],[-89.15536,30.67704]]]},"properties":{"GEOID":"28131","BASENAME":"Stone","NAME":"Stone County","INTPTLAT":"+30.7866012","INTPTLON":"-089.1074874"}},{"type":"Feature","geometry":{"type":"Polygon","coordinates":[[[-88.33066,34.5952],[-88.3307,34.74072],[-88.34831,34.74087],[-88.34837,34.75536],[-88.71851,34.75678],[-88.71779,34.59647],[-88.73544,34.59648],[-88.73647,34.50891],[-88.54175,34.50919],[-88.54208,34.46528],[-88.32919,34.46357],[-88.33066,34.5952]]]},"properties":{"GEOID":"28117","BASENAME":"Prentiss","NAME":"Prentiss County","INTPTLAT":"+34.6205664","INTPTLON":"-088.5221836"}},{"type":"Feature","geometry":{"type":"Polygon","coordinates":[[[-88.36588,34.75665],[-88.34837,34.75536],[-88.34831,34.74087],[-88.3307,34.74072],[-88.32919,34.46357],[-88.15629,34.46321],[-88.11841,34.72429],[-88.09822,34.89272],[-88.13196,34.90496],[-88.15241,34.91974],[-88.16144,34.93204],[-88.17254,34.9569],[-88.20003,34.99564],[-88.36353,34.99547],[-88.36588,34.75665]]]},"properties":{"GEOID":"28141","BASENAME":"Tishomingo","NAME":"Tishomingo County","INTPTLAT":"+34.7388349","INTPTLON":"-088.2348272"}},{"type":"Feature","geometry":{"type":"Polygon","coordinates":[[[-90.47864,31.3495],[-90.24389,31.35027],[-90.24519,31.71752],[-90.259,31.70392],[-90.2724,31.70422],[-90.27995,31.69986],[-90.38008,31.70021],[-90.37941,31.68519],[-90.41364,31.68528],[-90.4142,31.70046],[-90.73682,31.69849],[-90.73733,31.61112],[-90.63323,31.61141],[-90.6333,31.34931],[-90.47864,31.3495]]]},"properties":{"GEOID":"28085","BASENAME":"Lincoln","NAME":"Lincoln County","INTPTLAT":"+31.5302432","INTPTLON":"-090.4537546"}},{"type":"Feature","geometry":{"type":"Polygon","coordinates":[[[-90.23726,34.59818],[-90.234,34.60005],[-90.23629,34.60502],[-90.24137,34.59909],[-90.24428,34.60091],[-90.23638,34.60858],[-90.24116,34.61513],[-90.23843,34.62058],[-90.23997,34.62624],[-90.23079,34.63008],[-90.22392,34.64219],[-90.21643,34.64672],[-90.21746,34.65547],[-90.21449,34.65881],[-90.22536,34.66189],[-90.21843,34.66447],[-90.2258,34.67482],[-90.22021,34.68936],[-90.23111,34.69813],[-90.23141,34.70199],[-90.22507,34.70244],[-90.22913,34.7054],[-90.22514,34.71151],[-90.22013,34.71229],[-90.2223,34.71576],[-90.21354,34.72249],[-90.20655,34.72481],[-90.20164,34.72013],[-90.2002,34.72442],[-90.20213,34.86037],[-90.30456,34.86059],[-90.30393,34.85063],[-90.31299,34.8441],[-90.32445,34.84714],[-90.33845,34.85852],[-90.36226,34.84277],[-90.38939,34.83067],[-90.41164,34.82606],[-90.43873,34.82525],[-90.44969,34.83992],[-90.42941,34.86641],[-90.43596,34.88185],[-90.44422,34.88763],[-90.45915,34.89164],[-90.47761,34.8848],[-90.48428,34.87526],[-90.48372,34.86102],[-90.45538,34.82078],[-90.47037,34.81155],[-90.47658,34.794],[-90.45179,34.75423],[-90.44817,34.7401],[-90.4602,34.72951],[-90.48333,34.72222],[-90.5,34.72167],[-90.51667,34.72722],[-90.52417,34.73139],[-90.50972,34.74778],[-90.49415,34.75757],[-90.49278,34.7725],[-90.51139,34.79],[-90.51111,34.79829],[-90.51389,34.8],[-90.53333,34.8],[-90.54417,34.79167],[-90.54778,34.78333],[-90.53979,34.7543],[-90.54556,34.73889],[-90.55833,34.73917],[-90.56667,34.735],[-90.57194,34.71278],[-90.55944,34.71083],[-90.5425,34.7],[-90.52956,34.69583],[-90.51667,34.69555],[-90.47417,34.70528],[-90.46618,34.69911],[-90.46288,34.6838],[-90.47086,34.66768],[-90.50604,34.63824],[-90.51944,34.62992],[-90.53421,34.62746],[-90.54654,34.63102],[-90.55488,34.64517],[-90.55263,34.65933],[-90.54009,34.67643],[-90.54193,34.68386],[-90.55623,34.69358],[-90.5701,34.69343],[-90.56841,34.66888],[-90.58317,34.65196],[-90.5916,34.62101],[-90.57376,34.59213],[-90.54936,34.56925],[-90.53962,34.55393],[-90.54408,34.53774],[-90.56787,34.524],[-90.3995,34.42381],[-90.30185,34.42455],[-90.30432,34.50962],[-90.19854,34.51109],[-90.19863,34.55442],[-90.20489,34.55444],[-90.20418,34.55922],[-90.21829,34.55949],[-90.21666,34.56306],[-90.21084,34.56354],[-90.21108,34.5731],[-90.22443,34.57638],[-90.22074,34.58125],[-90.23174,34.58821],[-90.23425,34.59513],[-90.23914,34.5924],[-90.23726,34.59818]]]},"properties":{"GEOID":"28143","BASENAME":"Tunica","NAME":"Tunica County","INTPTLAT":"+34.6522011","INTPTLON":"-090.3717697"}},{"type":"Feature","geometry":{"type":"Polygon","coordinates":[[[-89.54849,32.22353],[-89.32269,32.22347],[-89.3226,32.57643],[-89.73015,32.57725],[-89.7303,32.63423],[-89.73614,32.63311],[-89.73593,32.62997],[-89.7588,32.61401],[-89.7613,32.6067],[-89.77091,32.60615],[-89.76787,32.60053],[-89.78287,32.59658],[-89.78114,32.59023],[-89.78412,32.58689],[-89.73006,32.35273],[-89.73042,32.22204],[-89.54849,32.22353]]]},"properties":{"GEOID":"28123","BASENAME":"Scott","NAME":"Scott County","INTPTLAT":"+32.4119595","INTPTLON":"-089.5334861"}},{"type":"Feature","geometry":{"type":"Polygon","coordinates":[[[-90.25984,31.07291],[-90.26039,31.35027],[-90.5482,31.34957],[-90.54762,30.99972],[-90.25955,31.00068],[-90.25984,31.07291]]]},"properties":{"GEOID":"28113","BASENAME":"Pike","NAME":"Pike County","INTPTLAT":"+31.1775159","INTPTLON":"-090.3977254"}},{"type":"Feature","geometry":{"type":"Polygon","coordinates":[[[-90.11698,32.34291],[-90.1397,32.32212],[-90.14227,32.32114],[-90.14583,32.3254],[-90.15219,32.32374],[-90.15418,32.31404],[-90.15059,32.31173],[-90.16268,32.30624],[-90.15909,32.30095],[-90.15603,32.30179],[-90.15139,32.29105],[-90.15887,32.293],[-90.15688,32.28795],[-90.16564,32.28392],[-90.17035,32.28761],[-90.17159,32.2839],[-90.17403,32.28688],[-90.17173,32.28995],[-90.17772,32.29031],[-90.17929,32.27664],[-90.18674,32.27285],[-90.1875,32.26635],[-90.18361,32.26551],[-90.18369,32.26225],[-90.19398,32.26208],[-90.20529,32.25195],[-90.20529,32.24595],[-90.19959,32.24415],[-90.19929,32.24095],[-90.20405,32.24058],[-90.20439,32.23465],[-90.20902,32.2358],[-90.19642,32.2253],[-90.1907,32.22701],[-90.19086,32.22282],[-90.18545,32.21862],[-90.19094,32.21022],[-90.18832,32.20754],[-90.19054,32.20361],[-90.18169,32.2016],[-90.18833,32.19459],[-90.19332,32.19881],[-90.19664,32.19562],[-90.19589,32.18507],[-90.19782,32.18792],[-90.20262,32.18644],[-90.20474,32.1915],[-90.21264,32.17997],[-90.22632,32.17891],[-90.23439,32.1731],[-90.23631,32.17804],[-90.24269,32.17769],[-90.24538,32.1714],[-90.24171,32.15538],[-90.2548,32.15119],[-90.24948,32.14868],[-90.24412,32.15145],[-90.24278,32.14892],[-90.24752,32.13523],[-90.241,32.12171],[-90.24834,32.11831],[-90.24281,32.11392],[-90.25133,32.11274],[-90.24666,32.10372],[-90.23666,32.09989],[-90.24168,32.09693],[-90.24243,32.1003],[-90.24721,32.10004],[-90.2468,32.09349],[-90.24078,32.09161],[-90.23868,32.09427],[-90.22684,32.09428],[-90.2358,32.09019],[-90.22671,32.08004],[-90.22908,32.0683],[-90.23467,32.06899],[-90.23617,32.06569],[-90.22985,32.05812],[-90.23225,32.05478],[-90.23033,32.04973],[-89.73007,32.04707],[-89.73006,32.35273],[-89.78412,32.58689],[-89.78593,32.58373],[-89.789,32.58509],[-89.78708,32.59174],[-89.79482,32.59263],[-89.79186,32.58848],[-89.7952,32.58455],[-89.79752,32.58977],[-89.80895,32.59075],[-89.80725,32.58484],[-89.81309,32.58587],[-89.81395,32.5819],[-89.81803,32.58464],[-89.81672,32.58649],[-89.8322,32.58612],[-89.83251,32.59013],[-89.83695,32.58542],[-89.83674,32.59069],[-89.83999,32.5933],[-89.84655,32.58273],[-89.85888,32.58484],[-89.86696,32.56453],[-89.87508,32.55924],[-89.88688,32.56285],[-89.89589,32.55436],[-89.8932,32.54244],[-89.89969,32.5428],[-89.9022,32.53826],[-89.91133,32.53729],[-89.91124,32.52869],[-89.92225,32.52971],[-89.92816,32.51444],[-89.9419,32.51323],[-89.94556,32.509],[-89.94154,32.50746],[-89.95406,32.50304],[-89.96064,32.49138],[-89.9701,32.49633],[-89.97466,32.49331],[-89.98156,32.49819],[-89.98442,32.48784],[-89.99276,32.48283],[-89.99677,32.48633],[-90.00322,32.4858],[-90.00751,32.48001],[-90.01327,32.48091],[-90.01935,32.47729],[-90.01903,32.47268],[-90.02527,32.47099],[-90.02636,32.46281],[-90.03064,32.46187],[-90.04146,32.44851],[-90.0365,32.44659],[-90.04066,32.44168],[-90.04837,32.4379],[-90.05546,32.43966],[-90.05751,32.43512],[-90.06853,32.43856],[-90.07012,32.43382],[-90.06303,32.41925],[-90.06578,32.41627],[-90.07048,32.41995],[-90.07545,32.41857],[-90.06356,32.40389],[-90.06412,32.39989],[-90.06881,32.39841],[-90.06568,32.39484],[-90.07788,32.38765],[-90.08048,32.38954],[-90.07609,32.39384],[-90.08148,32.39534],[-90.08038,32.39174],[-90.08738,32.38472],[-90.09518,32.38914],[-90.09569,32.38174],[-90.10068,32.38234],[-90.09728,32.37415],[-90.1018,32.37568],[-90.10325,32.37129],[-90.09978,32.36679],[-90.1053,32.36601],[-90.10288,32.36294],[-90.10618,32.35554],[-90.10947,32.35482],[-90.10688,32.36137],[-90.11399,32.36054],[-90.11138,32.35864],[-90.11313,32.35431],[-90.11008,32.34444],[-90.11603,32.3461],[-90.11698,32.34291]]]},"properties":{"GEOID":"28121","BASENAME":"Rankin","NAME":"Rankin County","INTPTLAT":"+32.2671233","INTPTLON":"-089.9460630"}},{"type":"Feature","geometry":{"type":"Polygon","coordinates":[[[-89.73902,31.43377],[-89.82424,31.43409],[-89.82333,31.39002],[-89.96631,31.39049],[-89.96352,31.39392],[-89.96536,31.39578],[-89.97183,31.39233],[-89.97537,31.39469],[-90.04049,31.39467],[-90.04037,31.23391],[-90.03188,31.23394],[-90.0319,31.17573],[-90.00614,31.17561],[-90.00594,31.1323],[-89.93818,31.13295],[-89.93824,31.11116],[-89.92952,31.11117],[-89.9295,31.08923],[-89.92097,31.08931],[-89.92094,31.07468],[-89.83587,31.07493],[-89.83591,31.00205],[-89.75264,31.00185],[-89.75048,30.99942],[-89.741,31.00359],[-89.73607,31.00123],[-89.7325,31.00483],[-89.72812,31.0023],[-89.65404,31.0025],[-89.65421,31.4338],[-89.73902,31.43377]]]},"properties":{"GEOID":"28091","BASENAME":"Marion","NAME":"Marion County","INTPTLAT":"+31.2315104","INTPTLON":"-089.8223068"}},{"type":"Feature","geometry":{"type":"Polygon","coordinates":[[[-88.66019,30.73472],[-88.41261,30.73559],[-88.42543,30.99832],[-88.83434,30.99798],[-88.83448,30.91032],[-88.88504,30.91079],[-88.88453,30.73559],[-88.66019,30.73472]]]},"properties":{"GEOID":"28039","BASENAME":"George","NAME":"George County","INTPTLAT":"+30.8554304","INTPTLON":"-088.6422681"}},{"type":"Feature","geometry":{"type":"Polygon","coordinates":[[[-90.13834,31.87532],[-90.14572,31.89287],[-90.17028,31.90447],[-90.16647,31.92645],[-90.17816,31.94218],[-90.18303,31.93737],[-90.18697,31.94161],[-90.19138,31.93936],[-90.1983,31.9419],[-90.19187,31.94411],[-90.19291,31.95323],[-90.18937,31.94903],[-90.18748,31.95181],[-90.19811,31.95787],[-90.19711,31.96565],[-90.207,31.97603],[-90.20581,31.9876],[-90.22258,31.98859],[-90.22279,31.99482],[-90.23276,32.00846],[-90.22421,32.0104],[-90.2136,32.025],[-90.22002,32.01903],[-90.22812,32.02117],[-90.23367,32.01707],[-90.23963,32.02019],[-90.2342,32.02489],[-90.24359,32.02261],[-90.2478,32.0319],[-90.24275,32.03736],[-90.23686,32.03733],[-90.23033,32.04973],[-90.7183,32.04835],[-90.7144,31.97763],[-90.71678,31.84458],[-90.733,31.82998],[-90.73565,31.81549],[-90.73682,31.69849],[-90.4142,31.70046],[-90.41364,31.68528],[-90.38225,31.68515],[-90.37941,31.68519],[-90.37993,31.70024],[-90.27995,31.69986],[-90.2724,31.70422],[-90.259,31.70392],[-90.24576,31.71752],[-90.22992,31.72373],[-90.20356,31.72584],[-90.18414,31.73146],[-90.16371,31.74414],[-90.1436,31.74716],[-90.13127,31.75605],[-90.12285,31.75227],[-90.12213,31.75683],[-90.12898,31.76821],[-90.12323,31.77497],[-90.11975,31.76804],[-90.1125,31.76971],[-90.10749,31.77769],[-90.11098,31.78927],[-90.11372,31.79143],[-90.14076,31.78935],[-90.1507,31.79987],[-90.14871,31.80784],[-90.13602,31.81897],[-90.13694,31.82602],[-90.13267,31.82678],[-90.12964,31.82251],[-90.12729,31.82562],[-90.13641,31.83277],[-90.14465,31.82993],[-90.15918,31.84484],[-90.13646,31.84995],[-90.13642,31.8543],[-90.13201,31.8583],[-90.13714,31.86431],[-90.13834,31.87532]]]},"properties":{"GEOID":"28029","BASENAME":"Copiah","NAME":"Copiah County","INTPTLAT":"+31.8674781","INTPTLON":"-090.4474171"}},{"type":"Feature","geometry":{"type":"Polygon","coordinates":[[[-89.40024,31.62373],[-89.40123,31.79686],[-89.7551,31.77465],[-89.75561,31.60975],[-89.73511,31.61034],[-89.7163,31.58826],[-89.70659,31.58482],[-89.69891,31.57718],[-89.68752,31.57542],[-89.673,31.56468],[-89.63695,31.5589],[-89.62052,31.55023],[-89.61441,31.54059],[-89.60289,31.53884],[-89.59933,31.53465],[-89.60259,31.53165],[-89.59633,31.52523],[-89.59617,31.51291],[-89.5908,31.51672],[-89.58692,31.51344],[-89.58682,31.43369],[-89.39918,31.43403],[-89.40024,31.62373]]]},"properties":{"GEOID":"28031","BASENAME":"Covington","NAME":"Covington County","INTPTLAT":"+31.6333310","INTPTLON":"-089.5488968"}},{"type":"Feature","geometry":{"type":"Polygon","coordinates":[[[-90.13484,34.21842],[-90.13466,34.2659],[-90.19409,34.30141],[-90.19341,34.34027],[-90.19763,34.34025],[-90.19854,34.51109],[-90.30432,34.50962],[-90.30185,34.42455],[-90.3995,34.42381],[-90.39901,34.26152],[-90.45057,34.2624],[-90.45098,34.07293],[-90.1357,34.0729],[-90.13484,34.21842]]]},"properties":{"GEOID":"28119","BASENAME":"Quitman","NAME":"Quitman County","INTPTLAT":"+34.2528327","INTPTLON":"-090.2901707"}},{"type":"Feature","geometry":{"type":"Polygon","coordinates":[[[-89.52351,33.28588],[-89.45381,33.28594],[-89.45405,33.4332],[-89.44633,33.43984],[-89.44666,33.43514],[-89.44225,33.43901],[-89.43398,33.43731],[-89.42151,33.42948],[-89.41885,33.43086],[-89.42133,33.4338],[-89.41755,33.43249],[-89.41063,33.43615],[-89.41107,33.44566],[-89.40564,33.44899],[-89.40634,33.45146],[-89.40223,33.45032],[-89.39691,33.45483],[-89.3934,33.45268],[-89.39377,33.45539],[-89.38786,33.45401],[-89.38693,33.4569],[-89.38343,33.45534],[-89.38066,33.45946],[-89.5065,33.45981],[-89.50687,33.67761],[-89.78689,33.67673],[-89.78523,33.41628],[-89.71585,33.41677],[-89.71563,33.40207],[-89.64631,33.40254],[-89.64528,33.28551],[-89.52351,33.28588]]]},"properties":{"GEOID":"28097","BASENAME":"Montgomery","NAME":"Montgomery County","INTPTLAT":"+33.5007144","INTPTLON":"-089.6396251"}},{"type":"Feature","geometry":{"type":"Polygon","coordinates":[[[-89.62289,32.93015],[-89.31916,32.93165],[-89.31641,33.28556],[-89.70147,33.28551],[-89.69992,33.28169],[-89.70626,33.26986],[-89.71286,33.2675],[-89.70959,33.26671],[-89.71163,33.26473],[-89.70943,33.26333],[-89.7142,33.25815],[-89.71726,33.26055],[-89.72296,33.25918],[-89.72958,33.24358],[-89.7343,33.23788],[-89.73909,33.23794],[-89.74511,33.22888],[-89.74393,33.21854],[-89.74832,33.21706],[-89.75476,33.19896],[-89.75832,33.19511],[-89.761,33.19809],[-89.76988,33.19665],[-89.77873,33.19149],[-89.77481,33.18462],[-89.77891,33.18153],[-89.77411,33.17626],[-89.78356,33.16211],[-89.79577,33.15676],[-89.79442,33.14541],[-89.79213,33.14498],[-89.79481,33.14056],[-89.79142,33.14038],[-89.79935,33.13608],[-89.79499,33.13475],[-89.79593,33.12453],[-89.80496,33.1164],[-89.8084,33.11681],[-89.80604,33.11291],[-89.81181,33.11267],[-89.81058,33.11549],[-89.81362,33.11561],[-89.81616,33.11225],[-89.82123,33.11422],[-89.82487,33.11022],[-89.82304,33.10059],[-89.81887,33.0995],[-89.82435,33.09514],[-89.82364,33.09138],[-89.82736,33.08816],[-89.82456,33.08576],[-89.82868,33.08209],[-89.82371,33.08025],[-89.82546,33.07519],[-89.8213,33.0756],[-89.82267,33.06608],[-89.84151,33.05843],[-89.83884,33.05587],[-89.84006,33.05155],[-89.83754,33.05285],[-89.84006,33.04593],[-89.83634,33.04001],[-89.85672,33.02124],[-89.85842,33.01458],[-89.86775,33.0108],[-89.86933,33.00409],[-89.88155,32.99911],[-89.87771,32.99299],[-89.88393,32.98895],[-89.88673,32.9844],[-89.88465,32.98274],[-89.88827,32.98059],[-89.88288,32.97485],[-89.89421,32.96483],[-89.89323,32.96076],[-89.88822,32.95897],[-89.89585,32.94866],[-89.89269,32.94628],[-89.89907,32.94384],[-89.89606,32.93282],[-89.90644,32.92573],[-89.91591,32.92525],[-89.91459,32.92265],[-89.91799,32.92306],[-89.91821,32.9202],[-89.91513,32.91642],[-89.92001,32.91304],[-89.91784,32.91156],[-89.93787,32.90442],[-89.93397,32.89605],[-89.93822,32.89732],[-89.94192,32.89557],[-89.94089,32.89331],[-89.95176,32.88981],[-89.95824,32.89157],[-89.96601,32.88023],[-89.83954,32.8797],[-89.84042,32.88541],[-89.73002,32.88507],[-89.73015,32.92992],[-89.62289,32.93015]]]},"properties":{"GEOID":"28007","BASENAME":"Attala","NAME":"Attala County","INTPTLAT":"+33.0904678","INTPTLON":"-089.5886219"}},{"type":"Feature","geometry":{"type":"Polygon","coordinates":[[[-88.30276,33.30221],[-88.24892,33.74498],[-88.32114,33.74377],[-88.32465,33.74585],[-88.33021,33.73537],[-88.32664,33.7332],[-88.32897,33.72911],[-88.32614,33.7259],[-88.33025,33.71877],[-88.33812,33.71709],[-88.34429,33.70966],[-88.34444,33.70507],[-88.36109,33.69505],[-88.36458,33.68955],[-88.37046,33.68867],[-88.37033,33.68592],[-88.38019,33.68639],[-88.38658,33.6892],[-88.38426,33.69357],[-88.39416,33.69559],[-88.39914,33.68953],[-88.39565,33.68361],[-88.40294,33.68275],[-88.3989,33.67811],[-88.40504,33.67895],[-88.40664,33.67332],[-88.4089,33.67753],[-88.41234,33.67334],[-88.41342,33.67719],[-88.41623,33.67641],[-88.41689,33.66973],[-88.42345,33.66987],[-88.42097,33.67293],[-88.4256,33.67543],[-88.43443,33.66745],[-88.44373,33.67146],[-88.44764,33.66776],[-88.44907,33.67056],[-88.45339,33.66865],[-88.45927,33.66285],[-88.46651,33.66755],[-88.46721,33.66317],[-88.47278,33.66398],[-88.47373,33.66684],[-88.48674,33.66289],[-88.48809,33.66565],[-88.49052,33.66087],[-88.49621,33.66428],[-88.50854,33.65586],[-88.50982,33.65054],[-88.51429,33.65015],[-88.51286,33.64483],[-88.4985,33.64156],[-88.50166,33.63525],[-88.49913,33.6267],[-88.50668,33.61503],[-88.49304,33.61472],[-88.4752,33.60348],[-88.47523,33.59767],[-88.48872,33.58233],[-88.49481,33.58037],[-88.48624,33.56654],[-88.49133,33.56299],[-88.49613,33.56621],[-88.49758,33.56352],[-88.4925,33.54315],[-88.48474,33.53442],[-88.47189,33.52711],[-88.47369,33.52384],[-88.4803,33.52274],[-88.48679,33.52904],[-88.49329,33.52848],[-88.49682,33.53447],[-88.50468,33.53654],[-88.50741,33.54383],[-88.51659,33.54347],[-88.51745,33.54763],[-88.52372,33.55085],[-88.52734,33.54861],[-88.52712,33.54182],[-88.53035,33.53815],[-88.5418,33.53409],[-88.54369,33.52689],[-88.55109,33.52822],[-88.55381,33.52179],[-88.56558,33.52646],[-88.56511,33.52375],[-88.57173,33.52387],[-88.57169,33.51901],[-88.57851,33.52204],[-88.58208,33.51977],[-88.58046,33.51735],[-88.60093,33.5079],[-88.60697,33.50926],[-88.60658,33.50701],[-88.67155,33.50663],[-88.67055,33.28686],[-88.30443,33.28832],[-88.30276,33.30221]]]},"properties":{"GEOID":"28087","BASENAME":"Lowndes","NAME":"Lowndes County","INTPTLAT":"+33.4687333","INTPTLON":"-088.4364903"}},{"type":"Feature","geometry":{"type":"Polygon","coordinates":[[[-90.65912,33.73448],[-90.65691,33.94947],[-90.657,33.98759],[-90.66036,33.98759],[-90.65946,34.11887],[-90.9569,34.12009],[-90.94564,34.10797],[-90.92129,34.09351],[-90.88819,34.09782],[-90.87944,34.09487],[-90.87282,34.0879],[-90.87266,34.07535],[-90.888,34.05494],[-90.88625,34.03921],[-90.8906,34.02851],[-90.91855,34.02135],[-90.96556,34.02671],[-90.98818,34.01921],[-90.97989,33.9979],[-90.9709,33.99178],[-90.96132,33.979],[-90.96526,33.96557],[-90.97601,33.96078],[-90.98761,33.96071],[-91.00045,33.96683],[-91.01895,34.00323],[-91.03633,33.99405],[-91.0479,33.99252],[-91.07184,34.00809],[-91.08242,34.00913],[-91.08697,34.00496],[-91.09048,33.99142],[-91.08969,33.9645],[-91.08509,33.95671],[-91.02087,33.94263],[-91.01113,33.93528],[-91.01258,33.92402],[-91.0305,33.90244],[-91.07066,33.8717],[-91.073,33.85884],[-91.06793,33.84041],[-91.04908,33.81603],[-91.03193,33.80779],[-91.00008,33.79925],[-90.98956,33.78865],[-90.99091,33.7774],[-91.00075,33.76883],[-91.02012,33.76412],[-91.05339,33.77828],[-91.10866,33.77167],[-91.12042,33.78041],[-91.13186,33.78366],[-91.14496,33.76808],[-91.14101,33.7581],[-91.14881,33.73136],[-91.12595,33.70895],[-91.11765,33.7053],[-91.10245,33.70482],[-91.06919,33.71602],[-91.06135,33.71545],[-91.04714,33.70667],[-91.03612,33.68948],[-91.03033,33.68772],[-91.03194,33.67697],[-91.04089,33.66986],[-91.05876,33.66655],[-91.07978,33.65804],[-91.09073,33.65765],[-91.1309,33.67493],[-91.16037,33.7066],[-91.17185,33.70227],[-91.20654,33.701],[-91.21942,33.69715],[-91.22709,33.69021],[-91.23064,33.68061],[-91.22926,33.67189],[-91.22293,33.66358],[-91.21252,33.65705],[-91.18249,33.6535],[-91.16121,33.64367],[-91.13685,33.62623],[-91.12874,33.60562],[-91.13566,33.59142],[-91.16175,33.57154],[-91.17995,33.56721],[-91.22513,33.56798],[-91.23276,33.56366],[-91.23415,33.55544],[-91.21884,33.52938],[-90.76351,33.52939],[-90.76347,33.61616],[-90.6586,33.61627],[-90.65912,33.73448]]]},"properties":{"GEOID":"28011","BASENAME":"Bolivar","NAME":"Bolivar County","INTPTLAT":"+33.7991391","INTPTLON":"-090.8841199"}},{"type":"Feature","geometry":{"type":"Polygon","coordinates":[[[-90.06754,31.00124],[-89.83591,31.00205],[-89.83587,31.07493],[-89.92094,31.07468],[-89.92097,31.08931],[-89.9295,31.08923],[-89.92952,31.11117],[-89.93824,31.11116],[-89.93818,31.13295],[-90.00594,31.1323],[-90.00614,31.17561],[-90.0319,31.17573],[-90.03188,31.23394],[-90.04037,31.23391],[-90.04047,31.33601],[-90.04869,31.33582],[-90.05298,31.32887],[-90.08238,31.32876],[-90.08249,31.33599],[-90.09103,31.33596],[-90.09136,31.34329],[-90.10864,31.34347],[-90.10865,31.35087],[-90.26039,31.35027],[-90.25955,31.00068],[-90.06754,31.00124]]]},"properties":{"GEOID":"28147","BASENAME":"Walthall","NAME":"Walthall County","INTPTLAT":"+31.1644920","INTPTLON":"-090.1034306"}},{"type":"Feature","geometry":{"type":"Polygon","coordinates":[[[-89.1139,33.53301],[-89.08845,33.5332],[-89.08826,33.56204],[-89.01861,33.56211],[-89.01854,33.63537],[-89.03602,33.63357],[-89.0345,33.73943],[-89.19178,33.7386],[-89.19192,33.72216],[-89.50714,33.72182],[-89.5065,33.45981],[-89.37761,33.46049],[-89.3753,33.46369],[-89.36799,33.46411],[-89.36809,33.46849],[-89.36244,33.4734],[-89.35495,33.46916],[-89.34028,33.4695],[-89.31963,33.49666],[-89.3131,33.49714],[-89.30302,33.50439],[-89.29679,33.50311],[-89.29314,33.50778],[-89.27185,33.51105],[-89.26137,33.51872],[-89.24191,33.51621],[-89.24061,33.51966],[-89.2286,33.51982],[-89.22166,33.52807],[-89.20838,33.5252],[-89.20478,33.52881],[-89.20043,33.5274],[-89.18117,33.53283],[-89.1139,33.53301]]]},"properties":{"GEOID":"28155","BASENAME":"Webster","NAME":"Webster County","INTPTLAT":"+33.6120605","INTPTLON":"-089.2839612"}},{"type":"Feature","geometry":{"type":"Polygon","coordinates":[[[-88.22909,33.89194],[-88.20386,34.08656],[-88.71876,34.08936],[-88.71963,33.68025],[-88.49661,33.68029],[-88.49201,33.67781],[-88.49248,33.67154],[-88.49972,33.67519],[-88.50216,33.66593],[-88.51308,33.66087],[-88.51394,33.65047],[-88.51046,33.65036],[-88.50854,33.65586],[-88.49621,33.66428],[-88.49101,33.66076],[-88.48865,33.6655],[-88.48674,33.66289],[-88.47373,33.66684],[-88.47278,33.66398],[-88.46721,33.66317],[-88.4671,33.66759],[-88.4594,33.66284],[-88.44554,33.67137],[-88.43423,33.66752],[-88.4256,33.67543],[-88.42097,33.67293],[-88.42296,33.66973],[-88.41615,33.67017],[-88.41699,33.67544],[-88.4141,33.67726],[-88.41292,33.67342],[-88.40907,33.67755],[-88.40652,33.67336],[-88.40504,33.67895],[-88.3988,33.67827],[-88.40253,33.68369],[-88.39557,33.68374],[-88.39914,33.68953],[-88.39416,33.69559],[-88.38426,33.69357],[-88.38658,33.6892],[-88.38019,33.68639],[-88.37033,33.68592],[-88.37046,33.68867],[-88.36458,33.68955],[-88.36109,33.69505],[-88.34444,33.70507],[-88.34429,33.70966],[-88.33812,33.71709],[-88.33025,33.71877],[-88.32614,33.7259],[-88.32897,33.72911],[-88.32664,33.7332],[-88.33021,33.73537],[-88.32516,33.74567],[-88.24892,33.74498],[-88.22909,33.89194]]]},"properties":{"GEOID":"28095","BASENAME":"Monroe","NAME":"Monroe County","INTPTLAT":"+33.8900295","INTPTLON":"-088.4850379"}},{"type":"Feature","geometry":{"type":"Polygon","coordinates":[[[-89.73373,33.41671],[-89.78523,33.41628],[-89.78689,33.67673],[-90.12777,33.67696],[-90.12538,33.67541],[-90.12833,33.67422],[-90.12199,33.67351],[-90.12445,33.67251],[-90.12018,33.66965],[-90.12196,33.66681],[-90.11779,33.66187],[-90.10344,33.66184],[-90.10824,33.65425],[-90.10176,33.6511],[-90.10913,33.63146],[-90.10457,33.6174],[-90.10793,33.60631],[-90.11532,33.60982],[-90.11693,33.60411],[-90.12468,33.60775],[-90.13025,33.60387],[-90.10199,33.60379],[-90.1014,33.45894],[-90.13761,33.45911],[-90.13782,33.41646],[-90.17476,33.417],[-90.17461,33.33338],[-89.7481,33.21421],[-89.74816,33.21727],[-89.74397,33.21843],[-89.74524,33.22858],[-89.74005,33.23665],[-89.7343,33.23788],[-89.72958,33.24358],[-89.72296,33.25918],[-89.71726,33.26055],[-89.7142,33.25815],[-89.70943,33.26333],[-89.71163,33.26473],[-89.70959,33.26671],[-89.71286,33.2675],[-89.70626,33.26986],[-89.69992,33.28169],[-89.70147,33.28551],[-89.64528,33.28551],[-89.64631,33.40254],[-89.71563,33.40207],[-89.71585,33.41677],[-89.73373,33.41671]]]},"properties":{"GEOID":"28015","BASENAME":"Carroll","NAME":"Carroll County","INTPTLAT":"+33.4407948","INTPTLON":"-089.9188870"}}]}